date,北京市,天津市,石家庄市,唐山市,秦皇岛市,邯郸市,邢台市,保定市,张家口市,承德市,沧州市,廊坊市,衡水市,太原市,大同市,阳泉市,长治市,晋城市,朔州市,晋中市,运城市,忻州市,临汾市,吕梁市,呼和浩特市,包头市,乌海市,赤峰市,通辽市,鄂尔多斯市,呼伦贝尔市,巴彦淖尔市,乌兰察布市,兴安盟,锡林郭勒盟,阿拉善盟,沈阳市,大连市,鞍山市,抚顺市,本溪市,丹东市,锦州市,营口市,阜新市,辽阳市,盘锦市,铁岭市,朝阳市,葫芦岛市,长春市,吉林市,四平市,辽源市,通化市,白山市,松原市,白城市,延边朝鲜族自治州,哈尔滨市,齐齐哈尔市,鸡西市,鹤岗市,双鸭山市,大庆市,伊春市,佳木斯市,七台河市,牡丹江市,黑河市,绥化市,大兴安岭地区,上海市,南京市,无锡市,徐州市,常州市,苏州市,南通市,连云港市,淮安市,盐城市,扬州市,镇江市,泰州市,宿迁市,杭州市,宁波市,温州市,嘉兴市,湖州市,绍兴市,金华市,衢州市,舟山市,台州市,丽水市,合肥市,芜湖市,蚌埠市,淮南市,马鞍山市,淮北市,铜陵市,安庆市,黄山市,滁州市,阜阳市,341300,六安市,亳州市,池州市,宣城市,福州市,厦门市,莆田市,三明市,泉州市,漳州市,南平市,龙岩市,宁德市,南昌市,景德镇市,萍乡市,九江市,新余市,鹰潭市,赣州市,吉安市,宜春市,抚州市,上饶市,济南市,青岛市,淄博市,枣庄市,东营市,烟台市,潍坊市,济宁市,泰安市,威海市,日照市,莱芜市,临沂市,德州市,聊城市,滨州市,菏泽市,郑州市,开封市,洛阳市,平顶山市,安阳市,鹤壁市,新乡市,焦作市,濮阳市,许昌市,漯河市,三门峡市,南阳市,商丘市,信阳市,周口市,驻马店市,济源市,武汉市,黄石市,十堰市,宜昌市,襄阳市,鄂州市,荆门市,孝感市,荆州市,黄冈市,咸宁市,随州市,恩施土家族苗族自治州,仙桃市,潜江市,天门市,神农架林区,长沙市,株洲市,湘潭市,衡阳市,邵阳市,岳阳市,常德市,张家界市,益阳市,郴州市,永州市,怀化市,娄底市,湘西土家族苗族自治州,广州市,韶关市,深圳市,珠海市,汕头市,佛山市,江门市,湛江市,茂名市,肇庆市,惠州市,梅州市,汕尾市,河源市,阳江市,清远市,东莞市,中山市,东沙群岛,潮州市,揭阳市,云浮市,南宁市,柳州市,桂林市,梧州市,北海市,防城港市,钦州市,贵港市,玉林市,百色市,贺州市,河池市,来宾市,崇左市,海口市,三亚市,三沙市,儋州市,五指山市,琼海市,文昌市,万宁市,东方市,定安县,屯昌县,澄迈县,临高县,白沙黎族自治县,昌江黎族自治县,乐东黎族自治县,陵水黎族自治县,保亭黎族苗族自治县,琼中黎族苗族自治县,重庆市,成都市,自贡市,攀枝花市,泸州市,德阳市,绵阳市,广元市,遂宁市,内江市,乐山市,南充市,眉山市,宜宾市,广安市,达州市,雅安市,巴中市,资阳市,阿坝藏族羌族自治州,甘孜藏族自治州,凉山彝族自治州,贵阳市,六盘水市,遵义市,安顺市,毕节市,铜仁市,黔西南布依族苗族自治州,黔东南苗族侗族自治州,黔南布依族苗族自治州,昆明市,曲靖市,玉溪市,保山市,昭通市,丽江市,普洱市,临沧市,楚雄彝族自治州,红河哈尼族彝族自治州,文山壮族苗族自治州,西双版纳傣族自治州,大理白族自治州,德宏傣族景颇族自治州,怒江傈僳族自治州,迪庆藏族自治州,拉萨市,日喀则市,昌都市,林芝市,山南市,那曲地区,阿里地区,西安市,铜川市,宝鸡市,咸阳市,渭南市,延安市,汉中市,榆林市,安康市,商洛市,兰州市,嘉峪关市,金昌市,白银市,天水市,武威市,张掖市,平凉市,酒泉市,庆阳市,定西市,陇南市,临夏回族自治州,甘南藏族自治州,西宁市,海东市,海北藏族自治州,黄南藏族自治州,海南藏族自治州,果洛藏族自治州,玉树藏族自治州,海西蒙古族藏族自治州,银川市,石嘴山市,吴忠市,固原市,中卫市,乌鲁木齐市,克拉玛依市,吐鲁番市,哈密市,昌吉回族自治州,博尔塔拉蒙古族自治州,巴音郭楞蒙古自治州,阿克苏地区,克孜勒苏柯尔克孜自治州,喀什地区,和田地区,伊犁哈萨克自治州,塔城地区,阿勒泰地区,石河子市,阿拉尔市,图木舒克市,五家渠市,北屯市,铁门关市,双河市,可克达拉市,昆玉市,台湾,香港,澳门
2020-02-28,422,122,81,43,18,49,29,71,21,15,39,50,18,51,17,8,22,19,7,21,33,14,28,19,26,22,4,14,10,15,12,10,8,5,7,3,54,47,11,7,5,7,10,8,5,5,5,7,7,8,50,19,9,3,7,4,7,5,14,54,14,5,3,5,12,3,10,3,12,5,10,1,484,131,105,59,67,224,71,30,31,44,40,33,38,28,214,114,201,82,41,68,104,22,14,98,26,141,34,22,23,18,15,12,56,12,24,58,27,35,28,13,19,121,80,38,24,122,39,25,24,31,141,22,22,160,15,10,81,37,58,35,51,59,78,25,15,14,47,44,34,21,22,13,4,45,19,24,15,29,256,37,85,55,42,13,57,39,24,44,31,22,207,62,153,65,94,8,44713,502,298,492,569,280,365,891,544,632,388,271,168,232,141,114,8,311,65,45,67,49,156,111,24,53,44,34,41,42,37,507,29,571,44,68,194,64,44,33,39,108,30,20,27,19,38,315,107,0,24,45,18,75,35,41,18,18,10,15,20,28,16,11,14,9,9,43,19,0,6,1,5,4,3,3,2,1,3,2,1,2,2,3,1,1,416,201,11,7,21,18,30,12,15,14,16,31,14,21,20,32,7,14,10,4,3,14,56,13,42,12,20,22,13,23,19,76,19,11,7,13,7,6,6,8,15,11,7,14,6,1,2,10,2,2,2,2,1,1,153,4,21,31,29,15,22,21,36,12,45,3,3,8,14,7,8,8,8,10,7,8,5,2,25,5,1,1,2,1,1,6,26,5,7,4,5,47,5,3,6,13,5,13,9,2,9,2,14,7,3,5,1,1,1,1,0,1,0,0,18,17,4
2020-02-29,406,118,78,42,18,47,28,69,21,14,38,48,17,49,16,7,21,18,7,20,32,13,27,18,26,22,4,13,10,14,12,10,8,4,6,3,52,45,11,7,4,7,9,8,5,5,5,7,6,8,49,18,9,3,7,4,7,5,13,52,13,5,3,5,12,3,10,2,11,5,9,1,466,126,101,57,65,215,68,29,30,43,39,32,37,27,207,110,194,79,39,66,100,21,13,94,25,135,32,22,22,17,14,12,54,12,23,56,26,34,27,12,19,117,77,37,23,117,38,24,23,30,136,21,21,153,14,10,78,35,56,33,49,57,75,24,15,14,46,42,33,20,21,12,4,44,19,23,15,28,247,36,82,53,40,12,55,38,23,42,29,21,199,59,146,62,90,8,44634,480,285,471,544,267,349,849,519,601,369,259,161,221,135,109,7,299,63,43,64,48,149,106,23,51,42,33,40,41,36,489,28,550,43,66,187,62,42,32,38,104,29,20,26,18,37,303,103,0,23,43,17,72,34,40,18,17,9,14,19,27,15,11,14,9,9,41,19,0,6,1,5,4,3,3,2,1,3,2,1,2,2,3,1,1,400,193,10,7,20,18,29,12,15,13,15,30,13,20,20,31,7,14,9,4,3,14,54,12,40,12,19,22,13,22,18,73,18,11,7,12,7,6,6,7,15,10,7,14,6,1,2,9,2,1,2,2,1,0,147,4,21,30,28,14,21,20,34,11,43,3,3,8,14,7,8,7,8,10,7,8,5,2,24,5,1,1,2,1,1,5,25,4,7,4,5,45,5,3,6,12,4,13,8,2,9,2,13,7,3,5,1,1,1,1,0,1,0,0,17,16,3
2020-03-01,391,113,75,40,17,45,27,66,20,14,36,46,16,48,16,7,21,18,6,20,31,13,26,18,25,21,4,13,9,14,11,9,8,4,6,3,50,44,10,7,4,6,9,7,5,5,5,7,6,8,47,17,8,3,7,4,7,5,13,51,13,5,3,5,11,3,10,2,11,5,9,1,448,122,97,55,62,208,65,28,29,41,37,31,36,26,199,106,186,76,38,63,96,21,13,91,24,130,31,21,21,17,14,11,52,12,23,54,25,32,26,12,18,112,74,35,22,113,36,23,22,29,130,20,20,147,14,10,75,34,54,32,47,55,72,24,14,13,44,41,32,19,21,12,4,42,18,22,14,27,237,35,79,51,39,12,53,36,22,41,28,20,191,57,139,60,86,8,44554,458,273,451,520,255,333,809,495,571,352,247,153,211,129,104,7,287,60,41,62,46,143,102,22,49,41,32,39,39,34,471,27,529,41,64,180,60,41,31,37,100,28,19,25,18,35,292,99,0,22,42,16,70,33,38,17,17,9,14,19,26,15,11,13,9,8,40,18,0,6,1,5,4,3,3,2,1,3,2,1,2,2,3,1,1,384,186,10,7,19,17,28,11,14,13,14,29,13,20,19,30,7,13,9,4,3,13,52,12,39,12,18,21,12,21,17,70,17,10,6,12,7,6,5,7,14,10,7,13,6,1,2,9,1,1,2,1,1,0,142,4,20,29,27,14,20,19,33,11,42,3,3,8,13,7,8,7,8,10,7,8,5,2,23,5,1,1,2,1,1,5,24,4,6,4,5,44,5,3,5,12,4,12,8,2,8,2,13,6,3,4,1,1,1,1,0,0,0,0,17,16,3
2020-03-02,376,109,73,39,16,44,26,64,19,13,35,45,16,46,15,7,20,17,6,19,30,12,25,17,24,20,4,12,9,13,11,9,7,4,6,2,48,42,10,6,4,6,9,7,4,5,5,6,6,7,45,17,8,3,7,4,7,5,12,49,12,5,3,4,11,3,9,2,10,4,9,1,431,117,94,53,60,200,63,27,28,40,36,30,34,25,192,102,179,73,36,61,93,20,12,87,23,125,30,20,20,16,13,11,50,11,22,52,24,31,25,11,17,108,71,34,21,109,35,22,21,28,125,20,19,140,13,9,72,33,52,31,46,53,70,23,14,13,42,39,31,18,20,11,4,40,17,21,14,26,228,33,76,49,38,11,51,35,21,39,27,20,183,55,133,58,82,8,44473,438,261,431,497,243,318,770,472,543,335,235,146,201,123,99,7,276,58,40,60,44,137,98,21,48,39,30,37,38,33,453,26,509,40,61,173,57,39,30,35,97,27,18,24,17,34,281,96,0,21,40,16,67,32,37,16,16,9,13,18,25,14,10,13,8,8,38,17,0,5,1,5,3,3,2,2,1,3,2,1,1,2,3,1,1,369,180,10,6,19,17,27,11,14,12,14,28,12,19,18,29,7,13,9,4,3,13,50,12,37,11,18,20,12,21,17,68,17,10,6,12,7,5,5,7,14,9,6,13,6,1,2,9,1,1,2,1,1,0,137,4,19,28,26,13,19,19,32,10,40,3,3,7,13,7,7,7,7,9,7,7,5,2,22,4,1,1,2,1,1,5,23,4,6,3,4,42,4,3,5,11,4,12,8,2,8,2,12,6,3,4,1,1,1,1,0,0,0,0,16,15,3
2020-03-03,361,106,70,37,16,42,25,62,18,13,34,43,15,44,15,7,19,16,6,18,29,12,24,16,23,19,3,12,9,13,11,9,7,4,6,2,47,41,10,6,4,6,8,7,4,5,4,6,6,7,43,16,8,3,6,4,6,5,12,47,12,5,3,4,11,3,9,2,10,4,9,1,415,113,90,51,58,193,61,26,27,38,35,29,33,24,184,99,172,70,35,59,89,19,12,84,22,120,29,19,20,16,13,11,47,11,21,50,23,30,24,11,17,104,69,33,20,105,34,21,21,27,120,19,19,135,13,9,70,31,50,30,44,51,67,22,13,12,41,38,30,18,19,11,3,39,17,20,13,25,220,32,74,47,36,11,49,34,21,38,26,19,176,53,127,55,79,7,44390,419,249,412,475,232,304,734,451,516,319,224,140,192,117,95,6,265,56,38,57,43,132,94,20,46,38,29,36,36,32,436,25,490,38,59,167,55,38,29,34,93,26,18,24,16,33,271,92,0,21,39,15,65,31,35,16,15,8,13,17,24,14,10,12,8,8,37,17,0,5,1,4,3,3,2,1,1,3,2,1,1,2,3,1,1,355,173,9,6,18,16,26,11,13,12,13,27,12,18,18,28,6,12,8,4,3,12,49,11,36,11,17,19,12,20,16,65,16,10,6,11,6,5,5,7,13,9,6,12,6,1,2,8,1,1,1,1,1,0,132,4,18,27,25,13,19,18,30,10,39,3,3,7,12,6,7,7,7,9,6,7,4,2,21,4,1,1,2,1,1,5,22,4,6,3,4,41,4,3,5,11,4,12,8,1,8,2,12,6,3,4,1,1,1,1,0,0,0,0,16,15,3
2020-03-04,347,102,68,36,15,40,24,59,18,12,32,42,15,43,14,6,18,16,6,18,28,11,23,16,22,19,3,12,8,12,10,8,7,4,5,2,45,39,9,6,4,6,8,7,4,4,4,6,6,7,42,16,7,3,6,4,6,5,12,45,11,4,3,4,10,3,9,2,10,4,8,1,399,109,87,49,56,186,58,25,26,37,33,28,32,23,178,95,166,67,34,57,86,18,11,81,21,116,28,19,19,15,12,10,45,10,20,48,22,29,23,10,16,100,66,31,20,101,32,20,20,26,116,18,18,129,12,9,67,30,48,29,42,49,65,21,13,12,39,37,29,17,18,10,3,38,16,20,13,25,212,31,71,45,35,11,48,32,20,37,25,18,169,51,121,53,76,7,44307,400,238,394,454,221,290,699,430,491,304,214,133,183,112,90,6,255,54,37,55,41,126,91,20,44,36,28,35,35,31,420,24,472,37,57,161,53,36,28,33,90,25,17,23,16,32,261,89,0,20,37,15,63,29,34,15,15,8,13,17,23,13,10,12,8,7,35,16,0,5,1,4,3,3,2,1,1,3,2,1,1,2,3,1,1,341,167,9,6,17,15,25,10,13,12,13,26,11,18,17,27,6,12,8,3,3,12,47,11,35,10,17,19,11,19,16,63,16,9,6,11,6,5,5,6,13,9,6,12,5,1,2,8,1,1,1,1,1,0,127,4,18,26,24,13,18,17,29,10,37,3,3,7,12,6,7,6,7,9,6,7,4,2,20,4,1,1,2,1,1,5,21,4,6,3,4,39,4,2,5,11,4,11,7,1,7,1,12,6,3,4,1,1,1,1,0,0,0,0,15,14,3
2020-03-05,334,98,65,35,15,39,23,57,17,12,31,40,14,41,14,6,18,15,6,17,27,11,22,15,21,18,3,11,8,12,10,8,7,4,5,2,43,38,9,6,4,6,8,6,4,4,4,6,5,7,40,15,7,3,6,4,6,4,11,44,11,4,3,4,10,3,8,2,9,4,8,1,384,105,83,48,54,179,56,24,25,36,32,27,31,23,171,92,160,65,32,55,82,18,11,78,21,111,27,18,18,14,12,10,44,10,19,46,21,28,22,10,15,97,64,30,19,97,31,20,19,25,111,17,17,124,12,8,65,29,46,28,41,47,62,20,12,11,38,35,28,17,18,10,3,36,16,19,12,24,204,30,68,44,34,10,46,31,19,35,24,17,162,49,115,51,73,7,44223,382,228,377,434,211,277,665,410,466,289,204,127,175,107,86,6,245,52,36,53,40,121,87,19,42,35,27,33,34,29,404,23,454,36,55,155,51,35,27,32,87,24,16,22,15,31,251,85,0,19,36,14,60,28,33,15,14,8,12,16,23,13,9,12,8,7,34,15,0,5,1,4,3,3,2,1,1,3,2,1,1,2,3,1,1,328,161,9,6,17,15,24,10,12,11,13,25,11,17,16,26,6,11,8,3,3,11,45,10,34,10,16,18,11,18,15,61,15,9,5,10,6,5,5,6,12,9,6,11,5,1,2,8,1,1,1,1,1,0,122,3,17,25,23,12,17,17,28,9,36,2,2,7,12,6,7,6,7,8,6,7,4,2,20,4,1,1,2,1,1,4,21,4,5,3,4,38,4,2,5,10,4,11,7,1,7,1,11,5,3,4,1,1,1,1,0,0,0,0,14,14,3
2020-03-06,321,95,63,34,14,38,22,55,16,11,30,39,14,40,13,6,17,15,5,16,26,11,22,15,20,17,3,11,8,11,10,8,6,4,5,2,42,36,9,6,4,5,8,6,4,4,4,6,5,6,39,15,7,2,6,3,6,4,11,42,11,4,3,4,9,3,8,2,9,4,8,1,369,101,80,46,52,172,54,23,24,34,31,26,29,22,165,89,154,63,31,53,79,17,10,75,20,107,26,17,18,14,12,9,42,10,19,44,21,27,22,10,15,93,62,29,18,93,30,19,18,24,107,17,17,118,12,8,62,28,44,27,39,46,60,20,12,11,37,34,27,16,17,10,3,35,15,18,12,23,196,29,66,42,32,10,44,30,18,34,23,17,156,47,110,49,69,7,44138,365,218,361,415,201,265,634,391,443,275,195,122,167,103,82,6,236,50,34,51,38,116,83,18,41,34,26,32,32,28,389,22,437,34,53,149,49,34,26,30,83,23,16,21,15,29,242,82,0,18,35,14,58,27,31,14,14,7,12,16,22,12,9,11,7,7,33,15,0,5,1,4,3,3,2,1,1,3,2,1,1,2,2,1,1,315,155,8,6,16,14,23,10,12,11,12,24,11,16,16,25,6,11,7,3,3,11,44,10,32,10,15,17,10,18,15,58,14,9,5,10,6,5,4,6,12,8,6,11,5,1,2,7,1,1,1,1,1,0,118,3,17,24,22,12,17,16,27,9,35,2,2,6,11,6,6,6,6,8,6,6,4,2,19,4,1,1,1,1,1,4,20,4,5,3,4,36,4,2,5,10,3,10,7,1,7,1,11,5,3,4,1,1,1,1,0,0,0,0,14,13,3
2020-03-07,309,91,61,32,14,36,22,53,16,11,29,37,13,38,13,6,16,14,5,16,25,10,21,14,20,17,3,10,7,11,9,8,6,3,5,2,40,35,8,5,3,5,7,6,4,4,4,5,5,6,37,14,7,2,6,3,6,4,10,41,10,4,3,4,9,3,8,2,9,4,7,1,355,97,77,44,50,166,52,22,23,33,30,25,28,21,158,85,148,60,30,51,76,16,10,72,19,103,25,17,17,13,11,9,40,9,18,42,20,25,21,9,14,89,59,28,18,90,29,18,18,23,103,16,16,113,11,8,60,27,42,26,38,44,58,19,11,11,35,33,26,15,16,9,3,34,15,18,11,22,189,28,63,40,31,9,43,29,18,33,22,16,149,45,105,47,67,6,44052,349,208,345,396,192,253,604,373,422,262,186,116,159,98,78,5,227,48,33,49,37,112,80,17,39,33,25,31,31,27,375,22,420,33,51,143,48,33,25,29,80,22,15,20,14,28,233,79,0,18,33,13,56,26,30,14,13,7,11,15,21,12,9,11,7,7,31,14,0,4,1,4,3,3,2,1,1,2,1,1,1,2,2,1,1,303,150,8,5,16,14,22,9,12,10,12,23,10,16,15,24,5,11,7,3,3,11,42,10,31,9,15,17,10,17,14,56,14,8,5,10,5,5,4,6,12,8,5,11,5,1,1,7,1,1,1,1,1,0,113,3,16,23,21,11,16,16,26,9,33,2,2,6,11,6,6,6,6,8,6,6,4,2,18,4,1,1,1,1,1,4,19,3,5,3,4,35,4,2,4,9,3,10,7,1,7,1,10,5,3,4,1,1,1,1,0,0,0,0,13,13,3
2020-03-08,297,88,58,31,13,35,21,51,15,11,28,36,13,37,12,5,16,14,5,15,24,10,20,14,19,16,3,10,7,11,9,7,6,3,5,2,39,34,8,5,3,5,7,6,4,4,4,5,5,6,36,14,6,2,5,3,5,4,10,39,10,4,2,4,9,2,7,2,8,4,7,1,342,93,74,43,48,160,50,22,22,32,29,24,27,20,153,82,142,58,29,49,73,16,10,69,18,99,24,16,16,13,11,9,38,9,17,40,19,24,20,9,14,86,57,27,17,87,28,18,17,22,99,16,15,109,11,7,58,26,41,25,36,42,55,18,11,10,34,32,25,15,16,9,3,33,14,17,11,21,181,27,61,39,30,9,41,28,17,32,21,16,143,43,100,45,64,6,43965,333,199,330,379,183,242,575,356,401,250,177,111,152,94,75,5,218,46,32,47,35,107,77,17,38,31,24,30,30,26,361,21,404,32,49,138,46,31,24,28,77,21,15,20,14,27,224,76,0,17,32,13,54,25,29,13,13,7,11,14,20,12,8,10,7,6,30,14,0,4,1,4,3,2,2,1,1,2,1,1,1,2,2,1,1,291,144,8,5,15,13,21,9,11,10,11,22,10,15,15,23,5,10,7,3,2,10,41,9,30,9,14,16,10,17,13,54,13,8,5,9,5,4,4,6,11,8,5,10,5,1,1,7,1,1,1,1,1,0,109,3,15,22,21,11,15,15,25,8,32,2,2,6,10,5,6,6,6,7,5,6,4,2,18,3,1,1,1,1,1,4,18,3,5,3,4,34,3,2,4,9,3,10,6,1,6,1,10,5,3,3,1,1,1,1,0,0,0,0,13,12,3
2020-03-09,286,85,56,30,13,34,20,49,15,10,27,35,12,35,12,5,15,13,5,15,23,10,19,13,18,15,3,10,7,10,9,7,6,3,5,2,37,32,8,5,3,5,7,6,3,4,4,5,5,6,35,13,6,2,5,3,5,4,10,38,9,4,2,3,8,2,7,2,8,3,7,1,329,90,72,41,46,154,48,21,21,31,28,23,26,20,147,79,137,56,28,47,71,15,9,67,18,95,23,15,16,12,10,8,37,8,17,39,18,23,19,9,13,83,55,26,16,83,27,17,16,21,95,15,15,104,10,7,56,25,39,24,35,41,53,18,11,10,33,30,24,14,15,9,3,31,14,16,11,20,175,26,59,37,29,9,40,27,16,30,21,15,137,42,96,43,61,6,43878,318,191,316,362,175,231,547,340,381,238,169,106,145,89,71,5,209,44,31,45,34,103,74,16,36,30,23,29,29,25,347,20,389,31,47,133,44,30,23,27,75,21,14,19,13,26,215,73,0,17,31,12,52,24,28,13,12,6,10,14,20,11,8,10,7,6,29,13,0,4,1,4,3,2,2,1,1,2,1,1,1,2,2,1,1,280,139,7,5,14,13,21,9,11,10,11,21,9,15,14,22,5,10,7,3,2,10,39,9,29,9,14,15,9,16,13,52,13,8,5,9,5,4,4,5,11,7,5,10,4,1,1,6,1,1,1,1,1,0,105,3,15,21,20,10,15,14,24,8,31,2,2,6,10,5,6,5,6,7,5,6,3,2,17,3,1,1,1,0,1,4,18,3,5,3,3,32,3,2,4,9,3,9,6,1,6,1,10,5,2,3,1,1,1,1,0,0,0,0,12,12,2
2020-03-10,275,82,54,29,12,32,19,48,14,10,26,33,12,34,11,5,15,13,5,14,22,9,19,13,18,15,3,9,7,10,8,7,6,3,4,2,36,31,8,5,3,5,6,5,3,4,3,5,5,5,34,13,6,2,5,3,5,4,9,37,9,4,2,3,8,2,7,2,8,3,7,1,316,87,69,40,44,148,46,20,21,30,27,22,25,19,141,77,131,54,27,45,68,15,9,64,17,91,22,15,15,12,10,8,35,8,16,37,18,23,19,8,13,80,53,25,16,80,26,16,16,20,91,14,14,100,10,7,54,24,38,23,34,39,51,17,10,10,31,29,23,14,15,8,3,30,13,16,10,20,168,25,57,36,28,8,38,26,16,29,20,14,132,40,91,42,59,6,43789,304,182,302,346,167,220,521,324,362,227,161,101,138,85,68,5,201,43,29,44,33,98,71,16,35,29,23,28,28,24,334,19,374,30,46,128,42,29,23,26,72,20,14,18,13,25,207,70,0,16,30,12,50,24,27,12,12,6,10,13,19,11,8,10,6,6,28,13,0,4,1,3,3,2,2,1,1,2,1,0,1,2,2,1,1,269,134,7,5,14,12,20,8,10,9,10,21,9,14,14,21,5,9,6,3,2,10,38,9,28,8,13,15,9,15,13,50,13,7,5,9,5,4,4,5,10,7,5,9,4,1,1,6,1,1,1,1,1,0,101,3,14,21,19,10,14,14,23,8,30,2,2,5,10,5,6,5,6,7,5,6,3,2,16,3,1,1,1,0,1,4,17,3,5,3,3,31,3,2,4,8,3,9,6,1,6,1,9,5,2,3,1,1,1,1,0,0,0,0,12,11,2
2020-03-11,264,79,52,28,12,31,19,46,14,9,25,32,11,33,11,5,14,12,4,14,21,9,18,12,17,14,3,9,6,9,8,6,5,3,4,2,35,30,7,5,3,4,6,5,3,3,3,5,4,5,32,12,6,2,5,3,5,4,9,35,9,3,2,3,8,2,7,2,7,3,6,1,304,83,66,38,43,143,45,19,20,29,26,21,24,18,136,74,126,52,26,44,65,14,9,62,16,88,21,14,15,11,10,8,34,8,16,36,17,22,18,8,12,77,51,24,15,77,25,16,15,20,88,14,14,95,10,7,52,23,36,22,33,38,49,16,10,9,30,28,22,13,14,8,3,29,13,15,10,19,162,24,55,35,27,8,37,25,15,28,19,14,127,38,87,40,56,5,43700,290,174,289,331,159,211,497,309,344,216,154,96,132,82,65,4,193,41,28,42,32,94,68,15,34,28,22,27,27,23,322,19,360,29,44,123,41,28,22,25,69,19,13,18,12,25,200,68,0,15,29,11,49,23,26,12,11,6,10,13,18,10,7,9,6,6,27,12,0,4,1,3,2,2,2,1,1,2,1,0,1,1,2,1,1,258,129,7,5,13,12,19,8,10,9,10,20,9,14,13,20,5,9,6,3,2,9,36,8,27,8,13,14,9,15,12,48,12,7,4,8,5,4,4,5,10,7,5,9,4,1,1,6,1,1,1,1,1,0,98,3,14,20,19,10,14,13,22,7,29,2,2,5,9,5,5,5,5,7,5,5,3,2,16,3,1,1,1,0,1,4,16,3,4,2,3,30,3,2,4,8,3,9,6,1,6,1,9,4,2,3,1,0,1,1,0,0,0,0,11,11,2
2020-03-12,254,76,50,27,11,30,18,44,13,9,24,31,11,32,11,5,14,12,4,13,21,9,17,12,16,14,3,9,6,9,8,6,5,3,4,2,34,29,7,5,3,4,6,5,3,3,3,4,4,5,31,12,6,2,5,3,5,3,8,34,8,3,2,3,8,2,6,2,7,3,6,1,293,80,64,37,41,138,43,19,19,28,25,20,23,18,131,71,122,50,25,42,63,14,8,59,16,84,20,14,14,11,9,7,32,8,15,34,16,21,17,8,12,74,49,23,15,74,24,15,15,19,84,13,13,91,9,6,50,22,35,21,31,36,48,16,10,9,29,27,21,13,14,8,2,28,12,15,10,18,156,23,52,33,26,8,35,24,15,27,18,13,121,37,83,39,54,5,43610,277,167,276,316,152,201,473,295,327,206,146,92,126,78,62,4,186,40,27,40,30,90,65,14,32,27,21,26,26,22,310,18,346,28,43,118,39,27,21,24,67,19,13,17,12,24,192,65,0,15,28,11,47,22,25,11,11,6,9,13,18,10,7,9,6,6,26,12,0,4,1,3,2,2,2,1,1,2,1,0,1,1,2,1,0,248,124,7,4,13,12,19,8,10,9,10,19,8,13,13,20,5,9,6,3,2,9,35,8,26,8,12,14,8,14,12,47,12,7,4,8,4,4,4,5,10,7,5,9,4,1,1,6,1,1,1,1,1,0,94,3,13,19,18,9,13,13,21,7,28,2,2,5,9,5,5,5,5,6,5,5,3,1,15,3,1,1,1,0,0,3,16,3,4,2,3,29,3,2,4,8,3,8,5,1,5,1,9,4,2,3,1,0,1,1,0,0,0,0,11,11,2
2020-03-13,244,73,49,26,11,29,17,43,13,9,23,30,11,30,10,5,13,11,4,13,20,8,17,11,16,13,2,8,6,9,7,6,5,3,4,2,32,28,7,4,3,4,6,5,3,3,3,4,4,5,30,11,5,2,4,3,4,3,8,33,8,3,2,3,7,2,6,2,7,3,6,1,281,77,61,36,39,133,41,18,18,27,24,20,23,17,126,69,117,48,24,40,60,13,8,57,15,81,20,13,14,11,9,7,31,7,14,33,16,20,17,7,11,71,48,22,14,72,23,14,14,18,81,13,13,88,9,6,48,21,34,20,30,35,46,15,9,9,28,26,21,12,13,8,2,27,12,14,9,18,150,22,51,32,25,8,34,23,14,26,18,13,116,36,80,37,52,5,43520,265,159,264,302,145,192,450,281,311,196,140,88,120,75,59,4,179,38,26,39,29,87,63,14,31,26,20,25,25,21,298,17,333,27,41,114,38,26,20,24,64,18,12,16,11,23,185,63,0,14,27,11,45,21,24,11,10,6,9,12,17,10,7,9,6,5,25,11,0,4,1,3,2,2,2,1,1,2,1,0,1,1,2,1,0,238,120,6,4,13,11,18,7,9,8,9,19,8,13,12,19,4,8,6,2,2,9,34,8,25,7,12,13,8,14,11,45,11,7,4,8,4,4,3,5,9,6,4,8,4,1,1,6,1,1,1,1,1,0,91,3,13,19,17,9,13,12,20,7,26,2,2,5,8,4,5,5,5,6,4,5,3,1,15,3,1,1,1,0,0,3,15,3,4,2,3,28,3,2,3,8,3,8,5,1,5,1,8,4,2,3,1,0,1,1,0,0,0,0,10,10,2
2020-03-14,235,71,47,25,10,28,17,41,12,9,22,29,10,29,10,4,13,11,4,12,19,8,16,11,15,13,2,8,6,8,7,6,5,3,4,2,31,27,7,4,3,4,6,5,3,3,3,4,4,5,29,11,5,2,4,3,4,3,8,32,8,3,2,3,7,2,6,1,7,3,6,1,271,74,59,34,38,128,40,17,18,26,23,19,22,16,121,66,112,46,23,39,58,13,8,55,15,78,19,13,13,10,9,7,29,7,14,32,15,19,16,7,11,68,46,21,14,69,22,14,14,17,78,12,12,84,8,6,46,21,32,19,29,34,44,15,9,8,27,25,20,12,13,7,2,26,11,14,9,17,144,21,49,31,24,7,33,22,14,25,17,12,112,34,76,36,49,5,43429,253,152,252,289,138,183,429,268,296,186,133,84,115,71,56,4,172,37,25,37,28,83,60,13,30,25,19,24,24,21,287,17,320,26,40,110,36,25,20,23,62,17,12,16,11,22,178,60,0,14,26,10,44,20,23,11,10,5,9,12,16,9,7,8,5,5,24,11,0,3,0,3,2,2,2,1,1,2,1,0,1,1,2,1,0,229,115,6,4,12,11,17,7,9,8,9,18,8,12,12,18,4,8,6,2,2,8,33,7,24,7,12,13,8,13,11,43,11,6,4,7,4,4,3,5,9,6,4,8,4,1,1,5,1,1,1,1,0,0,87,3,12,18,17,9,12,12,20,7,26,2,2,5,8,4,5,4,5,6,4,5,3,1,14,3,1,1,1,0,0,3,15,3,4,2,3,27,3,2,3,7,2,8,5,1,5,1,8,4,2,3,1,0,1,1,0,0,0,0,10,10,2
2020-03-15,226,68,45,24,10,27,16,40,12,8,21,28,10,28,9,4,12,10,4,12,18,8,15,10,15,12,2,8,5,8,7,6,5,3,4,2,30,26,6,4,3,4,5,4,3,3,3,4,4,5,28,11,5,2,4,3,4,3,8,30,8,3,2,3,7,2,6,1,6,3,6,1,260,72,57,33,36,123,38,17,17,25,22,18,21,16,117,64,108,44,22,37,56,12,7,53,14,75,18,12,13,10,8,7,28,7,13,30,15,18,15,7,11,66,44,21,13,66,22,13,13,17,75,12,12,80,8,6,45,20,31,19,28,33,42,14,9,8,26,24,19,11,12,7,2,25,11,13,9,16,139,21,47,30,23,7,32,21,13,24,16,12,107,33,73,34,47,5,43337,242,146,241,276,132,175,409,256,281,178,127,80,109,68,54,4,165,35,24,36,27,80,58,13,29,24,19,23,23,20,276,16,308,25,38,105,35,24,19,22,59,17,11,15,11,21,171,58,0,13,25,10,42,19,22,10,10,5,8,11,16,9,6,8,5,5,23,10,0,3,0,3,2,2,2,1,1,2,1,0,1,1,2,1,0,220,111,6,4,12,10,17,7,9,8,9,17,8,12,11,18,4,8,5,2,2,8,31,7,23,7,11,12,7,13,10,42,10,6,4,7,4,3,3,4,9,6,4,8,4,1,1,5,1,1,1,1,0,0,84,2,12,17,16,8,12,12,19,6,25,2,2,5,8,4,5,4,5,6,4,5,3,1,13,3,1,0,1,0,0,3,14,3,4,2,3,26,3,2,3,7,2,7,5,1,5,1,8,4,2,3,1,0,1,1,0,0,0,0,10,9,2
2020-03-16,217,66,43,23,10,26,16,38,11,8,21,27,9,27,9,4,12,10,4,11,18,7,15,10,14,12,2,7,5,8,7,5,4,2,4,1,29,25,6,4,3,4,5,4,3,3,3,4,4,4,27,10,5,2,4,2,4,3,7,29,7,3,2,3,7,2,5,1,6,3,5,1,250,69,55,32,35,118,37,16,17,24,21,17,20,15,112,62,104,43,21,36,54,12,7,51,14,72,17,12,12,9,8,6,27,6,13,29,14,18,15,6,10,63,42,20,13,64,21,13,13,16,72,11,11,77,8,5,43,19,30,18,27,31,41,14,8,8,25,23,18,11,12,7,2,24,11,13,8,16,133,20,45,29,22,7,31,21,13,23,16,12,103,32,69,33,45,4,43244,231,139,231,263,126,167,389,244,267,169,121,77,104,65,51,4,159,34,23,35,26,76,56,12,28,23,18,22,22,19,266,15,296,24,37,102,34,23,18,21,57,16,11,15,10,20,165,56,0,13,24,10,40,19,21,10,9,5,8,11,15,9,6,8,5,5,22,10,0,3,0,3,2,2,1,1,1,2,1,0,1,1,2,1,0,212,107,6,4,11,10,16,7,8,8,8,17,7,11,11,17,4,8,5,2,2,8,30,7,22,7,11,12,7,12,10,40,10,6,4,7,4,3,3,4,8,6,4,7,3,1,1,5,1,1,1,1,0,0,81,2,11,17,15,8,11,11,18,6,24,2,2,4,8,4,4,4,4,6,4,5,3,1,13,3,1,0,1,0,0,3,14,2,4,2,3,25,3,2,3,7,2,7,5,1,5,1,7,4,2,3,1,0,1,1,0,0,0,0,9,9,2
2020-03-17,209,63,42,22,9,25,15,37,11,8,20,26,9,26,9,4,11,10,4,11,17,7,14,10,14,11,2,7,5,8,6,5,4,2,3,1,28,24,6,4,2,4,5,4,3,3,3,4,4,4,26,10,5,2,4,2,4,3,7,28,7,3,2,3,6,2,5,1,6,3,5,1,241,66,53,31,34,114,36,15,16,23,20,17,19,15,108,59,100,41,21,35,52,11,7,49,13,69,17,11,12,9,8,6,26,6,12,28,14,17,14,6,10,61,41,19,12,62,20,12,12,16,69,11,11,74,8,5,41,18,29,17,26,30,39,13,8,7,24,23,18,11,11,6,2,23,10,12,8,15,128,19,43,28,21,7,29,20,12,22,15,11,99,30,66,31,43,4,43150,221,133,221,252,120,160,371,233,254,161,115,73,100,62,49,3,152,33,23,33,25,73,53,12,27,22,17,21,21,18,256,15,285,23,35,98,33,22,18,20,55,15,11,14,10,20,159,54,0,12,23,9,39,18,21,9,9,5,8,10,15,8,6,7,5,5,21,9,0,3,0,3,2,2,1,1,1,2,1,0,1,1,2,1,0,203,103,6,4,11,10,16,6,8,7,8,16,7,11,10,16,4,7,5,2,2,7,29,7,22,6,10,11,7,12,10,39,10,6,4,7,4,3,3,4,8,6,4,7,3,1,1,5,1,1,1,1,0,0,78,2,11,16,15,8,11,11,17,6,23,2,2,4,7,4,4,4,4,5,4,4,3,1,12,2,1,0,1,0,0,3,13,2,3,2,3,24,2,2,3,6,2,7,4,1,4,1,7,4,2,2,1,0,1,1,0,0,0,0,9,9,2
2020-03-18,201,61,40,22,9,24,14,35,11,7,19,25,9,25,8,4,11,9,3,10,16,7,14,9,13,11,2,7,5,7,6,5,4,2,3,1,27,23,6,4,2,3,5,4,2,3,3,4,3,4,25,9,4,2,4,2,4,3,7,27,7,3,2,2,6,2,5,1,6,3,5,1,232,64,51,30,33,110,34,15,15,22,20,16,19,14,104,57,96,40,20,33,50,11,7,47,13,67,16,11,11,9,7,6,25,6,12,27,13,16,14,6,9,59,39,18,12,59,19,12,12,15,66,11,11,71,7,5,40,18,28,17,25,29,38,13,8,7,23,22,17,10,11,6,2,23,10,12,8,15,123,19,42,27,21,6,28,19,12,22,14,11,95,29,63,30,42,4,43056,211,127,211,241,114,153,353,222,242,153,110,70,95,59,47,3,146,31,22,32,24,70,51,11,26,22,17,20,21,18,246,14,274,22,34,94,31,22,17,20,53,15,10,13,10,19,153,52,0,12,22,9,38,17,20,9,9,5,8,10,14,8,6,7,5,5,21,9,0,3,0,3,2,2,1,1,1,2,1,0,1,1,2,1,0,195,100,5,4,10,9,15,6,8,7,8,15,7,11,10,16,4,7,5,2,2,7,28,6,21,6,10,11,7,11,9,37,9,6,3,6,3,3,3,4,8,5,4,7,3,1,1,5,1,1,1,1,0,0,75,2,11,15,14,8,11,10,17,6,22,2,2,4,7,4,4,4,4,5,4,4,3,1,12,2,1,0,1,0,0,3,13,2,3,2,2,23,2,1,3,6,2,7,4,1,4,1,7,3,2,2,1,0,1,1,0,0,0,0,9,8,2
2020-03-19,193,59,39,21,9,23,14,34,10,7,18,24,9,24,8,4,10,9,3,10,16,7,13,9,13,11,2,7,5,7,6,5,4,2,3,1,26,22,5,4,2,3,5,4,2,3,3,3,3,4,24,9,4,2,4,2,4,3,6,26,7,3,2,2,6,2,5,1,6,2,5,1,223,61,49,29,31,106,33,14,15,21,19,16,18,14,100,55,92,38,19,32,48,10,6,45,12,64,16,11,11,8,7,6,24,6,12,26,13,16,13,6,9,56,38,18,11,57,19,12,11,14,64,10,10,68,7,5,38,17,27,16,24,28,36,12,7,7,22,21,16,10,10,6,2,22,9,11,7,14,119,18,40,26,20,6,27,18,11,21,14,10,91,28,60,29,40,4,42961,201,122,202,230,109,146,336,212,230,146,105,67,91,57,44,3,141,30,21,31,23,67,49,11,25,21,16,20,20,17,237,14,264,21,33,90,30,21,16,19,51,14,10,13,9,18,147,50,0,12,21,9,36,17,19,9,8,4,7,10,14,8,6,7,5,4,20,9,0,3,0,2,2,2,1,1,1,2,1,0,1,1,1,1,0,188,96,5,3,10,9,14,6,7,7,8,15,7,10,10,15,4,7,5,2,2,7,27,6,20,6,10,11,6,11,9,36,9,5,3,6,3,3,3,4,8,5,4,7,3,1,1,4,1,1,1,1,0,0,72,2,10,15,14,7,10,10,16,6,21,1,1,4,7,4,4,4,4,5,4,4,2,1,12,2,1,0,1,0,0,3,12,2,3,2,2,22,2,1,3,6,2,6,4,1,4,1,7,3,2,2,1,0,1,0,0,0,0,0,8,8,2
2020-03-20,185,57,38,20,8,22,13,33,10,7,18,23,8,23,8,4,10,9,3,10,15,6,13,9,12,10,2,6,5,7,6,5,4,2,3,1,25,21,5,3,2,3,5,4,2,3,2,3,3,4,23,9,4,2,3,2,3,3,6,25,6,3,2,2,6,2,5,1,5,2,5,1,214,59,47,28,30,102,32,14,14,21,18,15,17,13,96,53,89,37,18,31,46,10,6,43,12,62,15,10,10,8,7,5,23,6,11,25,12,15,13,6,9,54,37,17,11,55,18,11,11,14,61,10,10,65,7,5,37,16,25,15,23,27,35,12,7,7,22,20,16,10,10,6,2,21,9,11,7,14,114,17,39,25,19,6,26,18,11,20,13,10,87,27,58,28,38,4,42866,192,116,193,220,104,139,320,202,219,139,100,64,86,54,42,3,135,29,20,30,22,65,47,11,24,20,15,19,19,16,228,13,254,21,32,87,29,20,16,18,49,14,10,13,9,18,141,48,0,11,21,8,35,16,18,8,8,4,7,9,13,7,5,7,4,4,19,8,0,3,0,2,2,2,1,1,1,2,1,0,1,1,1,0,0,180,92,5,3,10,9,14,6,7,7,7,14,6,10,9,15,3,7,4,2,2,7,26,6,19,6,9,10,6,11,9,35,9,5,3,6,3,3,3,4,7,5,3,6,3,1,1,4,1,1,1,1,0,0,70,2,10,14,13,7,10,10,15,5,20,1,1,4,6,3,4,4,4,5,3,4,2,1,11,2,1,0,1,0,0,3,12,2,3,2,2,21,2,1,3,6,2,6,4,1,4,1,6,3,2,2,1,0,1,0,0,0,0,0,8,8,2
2020-03-21,178,55,36,19,8,22,13,32,9,7,17,22,8,23,8,3,10,8,3,9,15,6,12,8,12,10,2,6,4,7,5,4,4,2,3,1,24,21,5,3,2,3,4,4,2,2,2,3,3,4,22,8,4,1,3,2,3,2,6,24,6,2,2,2,6,2,5,1,5,2,4,1,206,57,45,27,29,98,30,13,14,20,18,14,17,13,93,51,85,35,18,30,44,10,6,42,11,59,14,10,10,8,7,5,22,5,11,24,12,14,12,5,8,52,35,16,10,53,17,11,11,13,59,9,9,62,6,5,36,16,24,15,22,26,34,11,7,6,21,20,15,9,10,6,2,20,9,11,7,13,110,17,37,24,18,6,25,17,11,19,13,10,84,26,55,27,37,4,42769,184,111,184,210,99,133,305,193,208,132,95,61,83,52,40,3,130,28,19,28,22,62,45,10,23,19,15,18,18,16,219,13,244,20,31,84,28,19,15,17,47,13,9,12,9,17,136,46,0,11,20,8,34,16,18,8,8,4,7,9,13,7,5,6,4,4,18,8,0,3,0,2,2,1,1,1,1,1,1,0,1,1,1,0,0,173,89,5,3,9,8,13,6,7,6,7,14,6,10,9,14,3,6,4,2,2,6,25,6,19,6,9,10,6,10,8,33,8,5,3,6,3,3,3,3,7,5,3,6,3,1,1,4,1,1,1,1,0,0,67,2,10,14,13,7,9,9,15,5,20,1,1,4,6,3,4,3,4,5,3,4,2,1,11,2,1,0,1,0,0,2,11,2,3,2,2,21,2,1,3,6,2,6,4,1,4,1,6,3,2,2,1,0,1,0,0,0,0,0,8,8,2
2020-03-22,171,53,35,19,8,21,12,31,9,6,16,21,8,22,7,3,9,8,3,9,14,6,12,8,11,9,2,6,4,6,5,4,4,2,3,1,23,20,5,3,2,3,4,3,2,2,2,3,3,3,21,8,4,1,3,2,3,2,6,24,6,2,1,2,5,1,4,1,5,2,4,1,198,55,44,26,28,94,29,13,13,19,17,14,16,12,89,49,82,34,17,29,43,9,6,40,11,57,14,9,10,8,6,5,21,5,10,23,11,14,12,5,8,50,34,16,10,51,17,10,10,13,56,9,9,59,6,4,34,15,24,14,21,25,33,11,7,6,20,19,15,9,9,5,2,19,8,10,7,13,106,16,36,23,18,5,24,16,10,19,12,9,80,25,53,26,35,4,42672,175,106,176,201,95,127,290,184,198,126,91,58,79,50,39,3,125,27,19,27,21,59,43,10,22,19,14,18,18,15,211,12,235,19,29,81,27,19,15,17,46,13,9,12,8,16,131,44,0,10,19,8,32,15,17,8,7,4,7,9,12,7,5,6,4,4,18,8,0,3,0,2,2,1,1,1,1,1,1,0,1,1,1,0,0,166,86,5,3,9,8,13,5,7,6,7,13,6,9,9,14,3,6,4,2,1,6,24,6,18,5,9,9,6,10,8,32,8,5,3,6,3,3,3,3,7,5,3,6,3,1,1,4,1,1,1,1,0,0,65,2,9,13,12,7,9,9,14,5,19,1,1,3,6,3,4,3,4,4,3,4,2,1,10,2,1,0,1,0,0,2,11,2,3,2,2,20,2,1,2,5,2,6,4,1,4,1,6,3,1,2,1,0,0,0,0,0,0,0,7,7,2
2020-03-23,165,51,34,18,7,20,12,29,9,6,16,20,7,21,7,3,9,8,3,9,14,6,11,8,11,9,2,6,4,6,5,4,3,2,3,1,22,19,5,3,2,3,4,3,2,2,2,3,3,3,21,8,4,1,3,2,3,2,6,23,6,2,1,2,5,1,4,1,5,2,4,1,190,53,42,25,27,91,28,12,13,18,16,13,15,12,86,48,79,33,16,28,41,9,5,39,10,55,13,9,9,7,6,5,20,5,10,22,11,13,11,5,8,48,33,15,10,49,16,10,10,12,54,9,9,57,6,4,33,15,23,14,21,24,31,10,6,6,19,18,14,9,9,5,2,19,8,10,6,12,102,15,35,22,17,5,24,16,10,18,12,9,77,24,50,25,34,3,42575,167,102,169,192,90,121,277,176,188,120,87,55,75,47,37,3,120,26,18,26,20,57,42,9,21,18,14,17,17,14,203,12,226,18,28,78,26,18,14,16,44,12,9,11,8,16,126,43,0,10,18,7,31,14,16,8,7,4,6,8,12,7,5,6,4,4,17,7,0,2,0,2,2,1,1,1,1,1,1,0,1,1,1,0,0,160,83,5,3,9,8,12,5,6,6,7,13,6,9,8,13,3,6,4,2,1,6,24,5,17,5,8,9,6,10,8,31,8,5,3,5,3,3,2,3,6,4,3,6,3,1,1,4,1,1,1,1,0,0,62,2,9,13,12,6,9,9,14,5,18,1,1,3,6,3,3,3,3,4,3,3,2,1,10,2,1,0,1,0,0,2,10,2,3,2,2,19,2,1,2,5,2,5,4,1,3,1,6,3,1,2,1,0,0,0,0,0,0,0,7,7,1
2020-03-24,158,49,32,17,7,19,12,28,8,6,15,20,7,20,7,3,9,7,3,8,13,5,11,7,10,9,2,6,4,6,5,4,3,2,3,1,22,18,5,3,2,3,4,3,2,2,2,3,3,3,20,8,4,1,3,2,3,2,5,22,5,2,1,2,5,1,4,1,5,2,4,1,183,51,40,24,26,87,27,12,12,18,16,13,15,11,83,46,76,31,16,27,39,9,5,37,10,53,13,9,9,7,6,5,19,5,10,21,10,13,11,5,7,46,31,15,9,47,15,10,9,12,52,8,8,54,6,4,32,14,22,13,20,23,30,10,6,6,19,17,14,8,9,5,2,18,8,9,6,12,98,15,33,21,16,5,23,15,9,17,11,9,74,23,48,24,32,3,42477,160,97,161,183,86,116,263,168,179,114,83,53,72,45,35,2,115,25,17,25,19,55,40,9,20,17,13,16,16,14,195,11,217,18,27,75,25,17,14,16,42,12,8,11,8,15,121,41,0,10,18,7,30,14,16,7,7,4,6,8,11,6,5,6,4,4,16,7,0,2,0,2,1,1,1,1,1,1,1,0,1,1,1,0,0,154,80,4,3,8,8,12,5,6,6,6,12,6,9,8,13,3,6,4,2,1,6,23,5,17,5,8,9,5,9,7,30,7,4,3,5,3,2,2,3,6,4,3,6,3,1,1,4,1,1,1,1,0,0,60,2,9,12,12,6,8,8,13,5,17,1,1,3,6,3,3,3,3,4,3,3,2,1,10,2,1,0,1,0,0,2,10,2,3,1,2,18,2,1,2,5,2,5,3,1,3,1,5,3,1,2,1,0,0,0,0,0,0,0,7,7,1
2020-03-25,152,47,31,17,7,19,11,27,8,6,15,19,7,19,6,3,8,7,3,8,13,5,11,7,10,8,2,5,4,6,5,4,3,2,3,1,21,18,4,3,2,3,4,3,2,2,2,3,3,3,19,7,3,1,3,2,3,2,5,21,5,2,1,2,5,1,4,1,4,2,4,1,176,49,39,23,25,84,26,11,12,17,15,12,14,11,80,44,73,30,15,26,38,8,5,36,10,51,12,8,9,7,6,4,18,5,9,20,10,12,10,5,7,45,30,14,9,45,15,9,9,11,50,8,8,52,6,4,31,13,21,13,19,22,29,10,6,5,18,17,13,8,8,5,2,17,8,9,6,11,94,14,32,20,16,5,22,15,9,17,11,8,71,22,46,23,31,3,42378,153,93,154,175,82,111,251,160,170,109,79,51,68,43,33,2,111,24,17,24,18,52,38,9,19,17,13,16,16,13,188,11,209,17,26,72,24,17,13,15,41,12,8,10,7,15,117,40,0,9,17,7,29,13,15,7,7,3,6,8,11,6,4,6,4,4,16,7,0,2,0,2,1,1,1,1,1,1,1,0,1,1,1,0,0,148,77,4,3,8,7,12,5,6,5,6,12,5,8,8,12,3,5,4,2,1,5,22,5,16,5,8,8,5,9,7,29,7,4,3,5,3,2,2,3,6,4,3,5,2,1,1,3,1,1,1,1,0,0,58,2,8,12,11,6,8,8,13,4,17,1,1,3,5,3,3,3,3,4,3,3,2,1,9,2,1,0,1,0,0,2,10,2,3,1,2,18,2,1,2,5,2,5,3,1,3,1,5,3,1,2,1,0,0,0,0,0,0,0,6,7,1
2020-03-26,146,45,30,16,7,18,11,26,8,5,14,18,7,19,6,3,8,7,3,8,12,5,10,7,10,8,2,5,4,5,4,4,3,2,2,1,20,17,4,3,2,3,4,3,2,2,2,3,3,3,18,7,3,1,3,2,3,2,5,20,5,2,1,2,5,1,4,1,4,2,4,1,169,47,37,22,24,81,25,11,11,16,15,12,14,10,76,43,70,29,15,25,36,8,5,34,9,49,12,8,8,6,5,4,18,4,9,20,10,12,10,4,7,43,29,13,9,44,14,9,9,11,48,8,8,50,5,4,29,13,20,12,18,22,28,9,6,5,17,16,13,8,8,5,1,17,7,9,6,11,90,14,31,19,15,5,21,14,9,16,10,8,68,21,44,22,30,3,42278,146,89,147,167,78,106,239,153,162,104,75,48,65,41,32,2,106,23,16,23,18,50,37,8,19,16,12,15,15,13,181,11,201,16,25,69,23,16,13,15,39,11,8,10,7,14,112,38,0,9,17,7,28,13,15,7,6,3,6,8,11,6,4,5,4,3,15,7,0,2,0,2,1,1,1,1,1,1,1,0,1,1,1,0,0,142,74,4,3,8,7,11,5,6,5,6,12,5,8,7,12,3,5,4,2,1,5,21,5,15,5,7,8,5,9,7,28,7,4,3,5,3,2,2,3,6,4,3,5,2,1,1,3,1,1,1,1,0,0,56,2,8,11,11,6,8,8,12,4,16,1,1,3,5,3,3,3,3,4,3,3,2,1,9,2,0,0,1,0,0,2,9,2,2,1,2,17,2,1,2,5,2,5,3,1,3,1,5,3,1,2,0,0,0,0,0,0,0,0,6,6,1
2020-03-27,141,44,29,15,6,17,10,25,8,5,14,18,6,18,6,3,8,7,2,7,12,5,10,7,9,8,1,5,4,5,4,4,3,2,2,1,19,16,4,3,2,2,3,3,2,2,2,3,2,3,18,7,3,1,3,2,3,2,5,20,5,2,1,2,4,1,4,1,4,2,4,1,163,45,36,21,23,78,24,11,11,16,14,11,13,10,74,41,67,28,14,24,35,8,5,33,9,47,11,8,8,6,5,4,17,4,9,19,9,11,10,4,7,41,28,13,8,42,14,9,8,11,46,7,7,48,5,4,28,12,19,12,18,21,27,9,6,5,17,16,12,7,8,4,1,16,7,8,5,11,87,13,30,19,15,5,20,14,8,15,10,8,65,21,42,21,28,3,42178,139,85,141,160,75,101,228,146,154,99,72,46,62,39,30,2,102,22,15,22,17,48,35,8,18,15,12,15,15,12,174,10,193,16,24,67,22,16,12,14,38,11,7,10,7,14,108,37,0,9,16,6,27,12,14,7,6,3,5,7,10,6,4,5,3,3,14,6,0,2,0,2,1,1,1,1,1,1,1,0,1,1,1,0,0,136,71,4,3,8,7,11,4,6,5,6,11,5,8,7,11,3,5,3,1,1,5,20,5,15,4,7,8,5,8,7,27,7,4,2,5,2,2,2,3,6,4,3,5,2,1,1,3,1,1,1,1,0,0,54,2,8,11,10,5,8,7,12,4,16,1,1,3,5,3,3,3,3,4,3,3,2,1,8,2,0,0,1,0,0,2,9,2,2,1,2,16,2,1,2,4,1,5,3,1,3,1,5,2,1,2,0,0,0,0,0,0,0,0,6,6,1
2020-03-28,135,42,28,15,6,17,10,24,7,5,13,17,6,17,6,3,7,6,2,7,11,5,10,6,9,8,1,5,3,5,4,3,3,2,2,1,19,16,4,3,2,2,3,3,2,2,2,3,2,3,17,7,3,1,3,2,3,2,5,19,5,2,1,2,4,1,3,1,4,2,3,1,157,44,35,21,22,75,23,10,11,15,13,11,13,10,71,40,65,27,13,23,34,7,4,32,9,45,11,8,8,6,5,4,16,4,8,18,9,11,9,4,6,40,27,12,8,40,13,8,8,10,44,7,7,46,5,3,27,12,19,11,17,20,26,9,5,5,16,15,12,7,7,4,1,16,7,8,5,10,84,13,29,18,14,4,20,13,8,15,10,7,62,20,40,20,27,3,42077,133,81,135,153,71,96,217,139,146,94,68,44,59,38,29,2,98,21,15,22,16,46,34,8,17,15,11,14,14,12,167,10,186,15,24,64,21,15,12,13,36,10,7,9,7,13,104,35,0,8,15,6,26,12,13,6,6,3,5,7,10,6,4,5,3,3,14,6,0,2,0,2,1,1,1,1,0,1,1,0,1,1,1,0,0,131,69,4,2,7,7,10,4,5,5,5,11,5,7,7,11,3,5,3,1,1,5,20,4,14,4,7,8,5,8,6,26,6,4,2,4,2,2,2,3,5,4,3,5,2,1,1,3,1,0,1,0,0,0,52,2,7,11,10,5,7,7,11,4,15,1,1,3,5,2,3,3,3,4,3,3,2,1,8,2,0,0,1,0,0,2,9,2,2,1,2,16,2,1,2,4,1,4,3,1,3,1,5,2,1,2,0,0,0,0,0,0,0,0,6,6,1
2020-03-29,130,41,27,14,6,16,10,24,7,5,13,16,6,17,6,3,7,6,2,7,11,5,9,6,9,7,1,5,3,5,4,3,3,2,2,1,18,15,4,2,2,2,3,3,2,2,2,2,2,3,17,6,3,1,2,2,3,2,4,18,5,2,1,2,4,1,3,1,4,2,3,1,151,42,33,20,21,72,22,10,10,15,13,11,12,9,68,38,62,26,13,22,32,7,4,30,8,43,11,7,7,6,5,4,15,4,8,17,9,10,9,4,6,38,26,12,8,39,13,8,8,10,43,7,7,44,5,3,26,12,18,11,16,19,25,8,5,5,15,14,11,7,7,4,1,15,7,8,5,10,80,12,28,17,14,4,19,13,8,14,9,7,60,19,38,19,26,3,41976,127,78,129,146,68,92,206,133,139,90,65,42,57,36,28,2,94,21,14,21,16,44,33,7,17,14,11,14,13,11,161,9,179,15,23,62,21,14,11,13,35,10,7,9,6,13,100,34,0,8,15,6,25,12,13,6,6,3,5,7,9,5,4,5,3,3,13,6,0,2,0,2,1,1,1,1,0,1,1,0,1,1,1,0,0,126,66,4,2,7,6,10,4,5,5,5,10,5,7,7,10,2,5,3,1,1,5,19,4,14,4,7,7,4,8,6,25,6,4,2,4,2,2,2,3,5,4,2,5,2,0,1,3,0,0,1,0,0,0,50,1,7,10,10,5,7,7,11,4,14,1,1,3,5,2,3,3,3,3,2,3,2,1,8,2,0,0,1,0,0,2,8,2,2,1,2,15,2,1,2,4,1,4,3,1,3,1,5,2,1,2,0,0,0,0,0,0,0,0,6,6,1
2020-03-30,125,39,26,14,6,16,9,23,7,5,12,16,6,16,5,2,7,6,2,7,11,4,9,6,8,7,1,4,3,5,4,3,3,1,2,1,17,15,4,2,2,2,3,3,2,2,2,2,2,3,16,6,3,1,2,1,2,2,4,18,4,2,1,2,4,1,3,1,4,2,3,0,145,40,32,19,20,70,22,9,10,14,12,10,12,9,66,37,60,25,12,21,31,7,4,29,8,42,10,7,7,6,5,4,15,4,8,17,8,10,9,4,6,37,25,12,7,37,12,8,8,9,41,7,7,42,5,3,25,11,17,10,16,19,24,8,5,5,15,14,11,7,7,4,1,14,6,8,5,10,77,12,27,17,13,4,18,12,8,14,9,7,57,18,36,19,25,3,41874,121,74,123,140,65,88,197,127,132,85,62,40,54,34,26,2,91,20,14,20,15,42,31,7,16,14,11,13,13,11,155,9,172,14,22,59,20,14,11,13,34,10,7,9,6,12,96,33,0,8,14,6,24,11,12,6,5,3,5,6,9,5,4,5,3,3,13,6,0,2,0,2,1,1,1,1,0,1,1,0,1,1,1,0,0,121,64,3,2,7,6,10,4,5,5,5,10,4,7,6,10,2,5,3,1,1,5,18,4,13,4,6,7,4,7,6,24,6,4,2,4,2,2,2,3,5,3,2,4,2,0,1,3,0,0,1,0,0,0,48,1,7,10,9,5,7,7,10,4,14,1,1,3,4,2,3,2,3,3,2,3,2,1,8,1,0,0,1,0,0,2,8,1,2,1,2,15,1,1,2,4,1,4,3,1,3,1,4,2,1,2,0,0,0,0,0,0,0,0,5,5,1
2020-03-31,120,38,25,13,6,15,9,22,7,5,12,15,5,16,5,2,7,6,2,6,10,4,8,6,8,7,1,4,3,4,4,3,3,1,2,1,17,14,4,2,1,2,3,3,2,2,2,2,2,2,15,6,3,1,2,1,2,2,4,17,4,2,1,2,4,1,3,1,4,2,3,0,139,39,31,18,20,67,21,9,9,14,12,10,11,9,63,35,57,24,12,20,30,7,4,28,8,40,10,7,7,5,4,4,14,4,7,16,8,10,8,4,6,35,24,11,7,36,12,7,7,9,39,6,6,40,4,3,24,11,17,10,15,18,23,8,5,4,14,13,11,6,7,4,1,14,6,7,5,9,74,11,26,16,13,4,17,12,7,13,9,7,55,18,35,18,24,3,41771,116,71,118,133,62,84,187,121,126,81,59,38,52,33,25,2,87,19,13,19,15,41,30,7,15,13,10,13,12,10,149,9,165,14,21,57,19,13,11,12,32,9,6,8,6,12,92,31,0,7,14,5,23,11,12,6,5,3,5,6,9,5,4,5,3,3,12,5,0,2,0,2,1,1,1,0,0,1,1,0,0,1,1,0,0,116,61,3,2,7,6,9,4,5,4,5,10,4,7,6,10,2,4,3,1,1,4,18,4,13,4,6,7,4,7,6,23,6,3,2,4,2,2,2,2,5,3,2,4,2,0,1,3,0,0,0,0,0,0,46,1,7,10,9,5,6,6,10,3,13,1,1,2,4,2,3,2,3,3,2,3,2,1,7,1,0,0,1,0,0,2,8,1,2,1,1,14,1,1,2,4,1,4,3,0,3,1,4,2,1,1,0,0,0,0,0,0,0,0,5,5,1
2020-04-01,116,36,24,13,5,14,9,21,6,4,11,14,5,15,5,2,6,5,2,6,10,4,8,6,8,6,1,4,3,4,4,3,2,1,2,1,16,14,3,2,1,2,3,2,1,2,2,2,2,2,15,6,3,1,2,1,2,2,4,16,4,2,1,1,4,1,3,1,3,2,3,0,134,37,30,18,19,64,20,9,9,13,12,9,11,8,61,34,55,23,12,20,29,6,4,27,7,38,9,7,7,5,4,3,14,3,7,15,8,9,8,3,6,34,23,11,7,35,11,7,7,9,38,6,6,38,4,3,23,10,16,10,15,17,22,7,5,4,14,13,10,6,6,4,1,13,6,7,5,9,72,11,25,15,12,4,17,11,7,13,8,6,53,17,33,17,23,2,41668,111,68,113,127,59,80,178,115,120,78,57,37,49,31,24,2,84,18,13,19,14,39,29,7,15,13,10,12,12,10,143,8,159,13,20,55,18,13,10,12,31,9,6,8,6,11,89,30,0,7,13,5,22,10,12,5,5,3,5,6,8,5,3,4,3,3,12,5,0,2,0,1,1,1,1,0,0,1,1,0,0,1,1,0,0,112,59,3,2,6,6,9,4,5,4,5,9,4,6,6,9,2,4,3,1,1,4,17,4,12,4,6,6,4,7,6,22,6,3,2,4,2,2,2,2,5,3,2,4,2,0,1,3,0,0,0,0,0,0,44,1,6,9,9,5,6,6,10,3,13,1,1,2,4,2,2,2,2,3,2,3,1,1,7,1,0,0,1,0,0,2,7,1,2,1,1,13,1,1,2,4,1,4,3,0,2,1,4,2,1,1,0,0,0,0,0,0,0,0,5,5,1
