states_name,date,ConfirmedCases,Fatalities
AK,20200510,370 ,10 
AK,20200511,370 ,10 
AK,20200512,370 ,10 
AK,20200513,371 ,10 
AK,20200514,371 ,10 
AK,20200515,371 ,10 
AK,20200516,371 ,10 
AK,20200517,371 ,10 
AK,20200518,371 ,10 
AK,20200519,371 ,10 
AK,20200520,371 ,10 
AK,20200521,371 ,10 
AK,20200522,371 ,10 
AK,20200523,371 ,10 
AK,20200524,371 ,10 
AK,20200525,371 ,10 
AK,20200526,371 ,10 
AK,20200527,371 ,10 
AK,20200528,371 ,10 
AK,20200529,371 ,10 
AK,20200530,371 ,10 
AK,20200531,371 ,10 
AK,20200601,371 ,10 
AK,20200602,371 ,10 
AK,20200603,371 ,10 
AK,20200604,371 ,10 
AK,20200605,371 ,10 
AK,20200606,371 ,10 
AK,20200607,371 ,10 
AK,20200608,371 ,10 
AK,20200609,371 ,10 
AK,20200610,371 ,10 
AK,20200611,371 ,10 
AK,20200612,371 ,10 
AK,20200613,371 ,10 
AK,20200614,371 ,10 
AK,20200615,371 ,10 
AK,20200616,371 ,10 
AK,20200617,371 ,10 
AK,20200618,371 ,10 
AK,20200619,371 ,10 
AK,20200620,371 ,10 
AK,20200621,371 ,10 
AK,20200622,371 ,10 
AK,20200623,371 ,10 
AK,20200624,371 ,10 
AK,20200625,371 ,10 
AK,20200626,371 ,10 
AK,20200627,371 ,10 
AK,20200628,371 ,10 
AK,20200629,371 ,10 
AK,20200630,371 ,10 
AL,20200510,12635 ,602 
AL,20200511,13706 ,671 
AL,20200512,14833 ,747 
AL,20200513,16015 ,829 
AL,20200514,17245 ,918 
AL,20200515,18525 ,1014 
AL,20200516,19856 ,1118 
AL,20200517,21237 ,1229 
AL,20200518,22665 ,1348 
AL,20200519,24134 ,1475 
AL,20200520,25641 ,1610 
AL,20200521,27186 ,1754 
AL,20200522,28768 ,1906 
AL,20200523,30382 ,2067 
AL,20200524,32025 ,2237 
AL,20200525,33690 ,2416 
AL,20200526,35373 ,2604 
AL,20200527,37074 ,2800 
AL,20200528,38791 ,3006 
AL,20200529,40518 ,3220 
AL,20200530,42252 ,3442 
AL,20200531,43984 ,3674 
AL,20200601,45712 ,3913 
AL,20200602,47435 ,4161 
AL,20200603,49149 ,4417 
AL,20200604,50853 ,4680 
AL,20200605,52542 ,4950 
AL,20200606,54210 ,5226 
AL,20200607,55853 ,5510 
AL,20200608,57470 ,5800 
AL,20200609,59060 ,6095 
AL,20200610,60622 ,6395 
AL,20200611,62152 ,6700 
AL,20200612,63647 ,7009 
AL,20200613,65104 ,7322 
AL,20200614,66522 ,7638 
AL,20200615,67900 ,7957 
AL,20200616,69239 ,8278 
AL,20200617,70536 ,8601 
AL,20200618,71792 ,8925 
AL,20200619,73005 ,9249 
AL,20200620,74173 ,9574 
AL,20200621,75297 ,9898 
AL,20200622,76378 ,10222 
AL,20200623,77415 ,10544 
AL,20200624,78409 ,10865 
AL,20200625,79360 ,11183 
AL,20200626,80269 ,11499 
AL,20200627,81137 ,11811 
AL,20200628,81963 ,12120 
AL,20200629,82748 ,12426 
AL,20200630,83495 ,12727 
AR,20200510,3768 ,92 
AR,20200511,3802 ,95 
AR,20200512,3832 ,97 
AR,20200513,3860 ,99 
AR,20200514,3885 ,101 
AR,20200515,3908 ,103 
AR,20200516,3928 ,105 
AR,20200517,3947 ,107 
AR,20200518,3963 ,108 
AR,20200519,3978 ,110 
AR,20200520,3991 ,111 
AR,20200521,4003 ,112 
AR,20200522,4013 ,114 
AR,20200523,4023 ,115 
AR,20200524,4031 ,116 
AR,20200525,4038 ,117 
AR,20200526,4045 ,118 
AR,20200527,4050 ,119 
AR,20200528,4056 ,119 
AR,20200529,4060 ,120 
AR,20200530,4064 ,121 
AR,20200531,4067 ,121 
AR,20200601,4071 ,122 
AR,20200602,4073 ,122 
AR,20200603,4076 ,123 
AR,20200604,4078 ,123 
AR,20200605,4079 ,124 
AR,20200606,4081 ,124 
AR,20200607,4082 ,125 
AR,20200608,4084 ,125 
AR,20200609,4085 ,125 
AR,20200610,4085 ,125 
AR,20200611,4086 ,126 
AR,20200612,4087 ,126 
AR,20200613,4088 ,126 
AR,20200614,4088 ,126 
AR,20200615,4088 ,126 
AR,20200616,4089 ,126 
AR,20200617,4089 ,127 
AR,20200618,4090 ,127 
AR,20200619,4090 ,127 
AR,20200620,4090 ,127 
AR,20200621,4090 ,127 
AR,20200622,4090 ,127 
AR,20200623,4090 ,127 
AR,20200624,4091 ,127 
AR,20200625,4091 ,127 
AR,20200626,4091 ,127 
AR,20200627,4091 ,127 
AR,20200628,4091 ,127 
AR,20200629,4091 ,127 
AR,20200630,4091 ,127 
AZ,20200510,11127 ,632 
AZ,20200511,11391 ,672 
AZ,20200512,11636 ,714 
AZ,20200513,11863 ,755 
AZ,20200514,12072 ,797 
AZ,20200515,12264 ,838 
AZ,20200516,12439 ,879 
AZ,20200517,12599 ,920 
AZ,20200518,12742 ,961 
AZ,20200519,12871 ,1001 
AZ,20200520,12987 ,1040 
AZ,20200521,13093 ,1078 
AZ,20200522,13187 ,1116 
AZ,20200523,13272 ,1152 
AZ,20200524,13346 ,1187 
AZ,20200525,13412 ,1222 
AZ,20200526,13470 ,1255 
AZ,20200527,13521 ,1287 
AZ,20200528,13567 ,1317 
AZ,20200529,13607 ,1347 
AZ,20200530,13643 ,1375 
AZ,20200531,13674 ,1402 
AZ,20200601,13701 ,1428 
AZ,20200602,13724 ,1452 
AZ,20200603,13744 ,1476 
AZ,20200604,13761 ,1498 
AZ,20200605,13777 ,1519 
AZ,20200606,13790 ,1539 
AZ,20200607,13802 ,1558 
AZ,20200608,13812 ,1576 
AZ,20200609,13821 ,1593 
AZ,20200610,13828 ,1609 
AZ,20200611,13834 ,1624 
AZ,20200612,13839 ,1638 
AZ,20200613,13844 ,1651 
AZ,20200614,13848 ,1663 
AZ,20200615,13852 ,1675 
AZ,20200616,13855 ,1686 
AZ,20200617,13858 ,1696 
AZ,20200618,13860 ,1706 
AZ,20200619,13861 ,1715 
AZ,20200620,13863 ,1724 
AZ,20200621,13864 ,1732 
AZ,20200622,13865 ,1739 
AZ,20200623,13867 ,1746 
AZ,20200624,13868 ,1752 
AZ,20200625,13868 ,1758 
AZ,20200626,13869 ,1764 
AZ,20200627,13869 ,1769 
AZ,20200628,13870 ,1774 
AZ,20200629,13870 ,1779 
AZ,20200630,13870 ,1784 
CA,20200510,64826 ,2758 
CA,20200511,66206 ,2833 
CA,20200512,67554 ,2908 
CA,20200513,68868 ,2983 
CA,20200514,70148 ,3053 
CA,20200515,71394 ,3127 
CA,20200516,72604 ,3196 
CA,20200517,73779 ,3263 
CA,20200518,74918 ,3332 
CA,20200519,76020 ,3394 
CA,20200520,77087 ,3460 
CA,20200521,78118 ,3521 
CA,20200522,79113 ,3580 
CA,20200523,80072 ,3640 
CA,20200524,80996 ,3695 
CA,20200525,81884 ,3751 
CA,20200526,82739 ,3805 
CA,20200527,83559 ,3855 
CA,20200528,84346 ,3906 
CA,20200529,85100 ,3952 
CA,20200530,85822 ,4000 
CA,20200531,86512 ,4044 
CA,20200601,87172 ,4086 
CA,20200602,87803 ,4129 
CA,20200603,88404 ,4167 
CA,20200604,88977 ,4205 
CA,20200605,89522 ,4243 
CA,20200606,90041 ,4275 
CA,20200607,90535 ,4311 
CA,20200608,91004 ,4340 
CA,20200609,91449 ,4372 
CA,20200610,91871 ,4401 
CA,20200611,92271 ,4427 
CA,20200612,92649 ,4456 
CA,20200613,93007 ,4480 
CA,20200614,93346 ,4503 
CA,20200615,93666 ,4528 
CA,20200616,93968 ,4546 
CA,20200617,94253 ,4570 
CA,20200618,94522 ,4586 
CA,20200619,94775 ,4606 
CA,20200620,95013 ,4624 
CA,20200621,95237 ,4638 
CA,20200622,95448 ,4656 
CA,20200623,95645 ,4670 
CA,20200624,95831 ,4683 
CA,20200625,96005 ,4698 
CA,20200626,96169 ,4707 
CA,20200627,96322 ,4722 
CA,20200628,96465 ,4730 
CA,20200629,96599 ,4741 
CA,20200630,96725 ,4752 
CO,20200510,18979 ,1006 
CO,20200511,19316 ,1030 
CO,20200512,19641 ,1052 
CO,20200513,19953 ,1076 
CO,20200514,20254 ,1095 
CO,20200515,20542 ,1119 
CO,20200516,20818 ,1137 
CO,20200517,21082 ,1157 
CO,20200518,21334 ,1177 
CO,20200519,21575 ,1194 
CO,20200520,21805 ,1212 
CO,20200521,22024 ,1229 
CO,20200522,22232 ,1245 
CO,20200523,22430 ,1261 
CO,20200524,22618 ,1273 
CO,20200525,22796 ,1290 
CO,20200526,22965 ,1302 
CO,20200527,23124 ,1315 
CO,20200528,23275 ,1328 
CO,20200529,23417 ,1338 
CO,20200530,23551 ,1350 
CO,20200531,23678 ,1360 
CO,20200601,23797 ,1370 
CO,20200602,23909 ,1380 
CO,20200603,24014 ,1387 
CO,20200604,24113 ,1397 
CO,20200605,24206 ,1404 
CO,20200606,24292 ,1411 
CO,20200607,24374 ,1419 
CO,20200608,24450 ,1424 
CO,20200609,24521 ,1432 
CO,20200610,24587 ,1436 
CO,20200611,24649 ,1442 
CO,20200612,24707 ,1448 
CO,20200613,24761 ,1452 
CO,20200614,24811 ,1457 
CO,20200615,24858 ,1462 
CO,20200616,24901 ,1464 
CO,20200617,24941 ,1469 
CO,20200618,24978 ,1471 
CO,20200619,25013 ,1475 
CO,20200620,25045 ,1478 
CO,20200621,25075 ,1480 
CO,20200622,25103 ,1485 
CO,20200623,25128 ,1484 
CO,20200624,25152 ,1488 
CO,20200625,25173 ,1490 
CO,20200626,25193 ,1491 
CO,20200627,25212 ,1494 
CO,20200628,25229 ,1495 
CO,20200629,25245 ,1497 
CO,20200630,25259 ,1497 
CT,20200510,33086 ,2975 
CT,20200511,33455 ,3032 
CT,20200512,33800 ,3086 
CT,20200513,34123 ,3137 
CT,20200514,34423 ,3185 
CT,20200515,34703 ,3231 
CT,20200516,34962 ,3275 
CT,20200517,35203 ,3315 
CT,20200518,35426 ,3354 
CT,20200519,35632 ,3389 
CT,20200520,35823 ,3423 
CT,20200521,35999 ,3454 
CT,20200522,36160 ,3483 
CT,20200523,36309 ,3511 
CT,20200524,36446 ,3536 
CT,20200525,36572 ,3560 
CT,20200526,36687 ,3582 
CT,20200527,36792 ,3602 
CT,20200528,36888 ,3621 
CT,20200529,36976 ,3639 
CT,20200530,37056 ,3655 
CT,20200531,37129 ,3670 
CT,20200601,37196 ,3683 
CT,20200602,37256 ,3696 
CT,20200603,37311 ,3707 
CT,20200604,37361 ,3718 
CT,20200605,37406 ,3728 
CT,20200606,37447 ,3736 
CT,20200607,37484 ,3745 
CT,20200608,37518 ,3752 
CT,20200609,37548 ,3759 
CT,20200610,37575 ,3765 
CT,20200611,37600 ,3770 
CT,20200612,37622 ,3776 
CT,20200613,37642 ,3780 
CT,20200614,37660 ,3784 
CT,20200615,37676 ,3789 
CT,20200616,37691 ,3792 
CT,20200617,37704 ,3795 
CT,20200618,37715 ,3798 
CT,20200619,37726 ,3800 
CT,20200620,37735 ,3803 
CT,20200621,37743 ,3805 
CT,20200622,37751 ,3807 
CT,20200623,37758 ,3809 
CT,20200624,37764 ,3810 
CT,20200625,37769 ,3811 
CT,20200626,37774 ,3812 
CT,20200627,37778 ,3814 
CT,20200628,37782 ,3815 
CT,20200629,37785 ,3815 
CT,20200630,37788 ,3817 
DC,20200510,6131 ,324 
DC,20200511,6274 ,335 
DC,20200512,6413 ,346 
DC,20200513,6549 ,357 
DC,20200514,6681 ,367 
DC,20200515,6809 ,377 
DC,20200516,6933 ,387 
DC,20200517,7054 ,397 
DC,20200518,7170 ,407 
DC,20200519,7282 ,416 
DC,20200520,7390 ,426 
DC,20200521,7494 ,435 
DC,20200522,7594 ,443 
DC,20200523,7690 ,452 
DC,20200524,7782 ,460 
DC,20200525,7870 ,468 
DC,20200526,7954 ,476 
DC,20200527,8035 ,483 
DC,20200528,8112 ,491 
DC,20200529,8186 ,498 
DC,20200530,8256 ,504 
DC,20200531,8323 ,511 
DC,20200601,8386 ,517 
DC,20200602,8447 ,523 
DC,20200603,8504 ,529 
DC,20200604,8558 ,534 
DC,20200605,8610 ,540 
DC,20200606,8658 ,545 
DC,20200607,8705 ,549 
DC,20200608,8748 ,554 
DC,20200609,8789 ,558 
DC,20200610,8828 ,563 
DC,20200611,8865 ,567 
DC,20200612,8899 ,570 
DC,20200613,8931 ,574 
DC,20200614,8962 ,577 
DC,20200615,8990 ,581 
DC,20200616,9017 ,584 
DC,20200617,9042 ,587 
DC,20200618,9066 ,589 
DC,20200619,9088 ,592 
DC,20200620,9109 ,594 
DC,20200621,9128 ,597 
DC,20200622,9146 ,599 
DC,20200623,9163 ,601 
DC,20200624,9179 ,603 
DC,20200625,9194 ,604 
DC,20200626,9207 ,606 
DC,20200627,9220 ,608 
DC,20200628,9232 ,609 
DC,20200629,9243 ,611 
DC,20200630,9253 ,612 
DE,20200510,6404 ,229 
DE,20200511,6557 ,237 
DE,20200512,6706 ,244 
DE,20200513,6850 ,252 
DE,20200514,6990 ,259 
DE,20200515,7126 ,266 
DE,20200516,7257 ,274 
DE,20200517,7383 ,281 
DE,20200518,7506 ,287 
DE,20200519,7623 ,294 
DE,20200520,7737 ,300 
DE,20200521,7845 ,307 
DE,20200522,7950 ,313 
DE,20200523,8050 ,319 
DE,20200524,8145 ,325 
DE,20200525,8237 ,330 
DE,20200526,8324 ,335 
DE,20200527,8408 ,341 
DE,20200528,8487 ,346 
DE,20200529,8562 ,350 
DE,20200530,8634 ,355 
DE,20200531,8703 ,359 
DE,20200601,8767 ,364 
DE,20200602,8829 ,368 
DE,20200603,8887 ,371 
DE,20200604,8942 ,375 
DE,20200605,8993 ,379 
DE,20200606,9042 ,382 
DE,20200607,9089 ,385 
DE,20200608,9132 ,388 
DE,20200609,9173 ,391 
DE,20200610,9212 ,394 
DE,20200611,9248 ,396 
DE,20200612,9282 ,399 
DE,20200613,9314 ,401 
DE,20200614,9344 ,404 
DE,20200615,9372 ,406 
DE,20200616,9398 ,408 
DE,20200617,9423 ,409 
DE,20200618,9446 ,411 
DE,20200619,9467 ,413 
DE,20200620,9487 ,414 
DE,20200621,9506 ,416 
DE,20200622,9523 ,417 
DE,20200623,9539 ,418 
DE,20200624,9554 ,420 
DE,20200625,9568 ,421 
DE,20200626,9581 ,422 
DE,20200627,9593 ,423 
DE,20200628,9604 ,424 
DE,20200629,9615 ,425 
DE,20200630,9624 ,425 
FL,20200510,40016 ,1797 
FL,20200511,40388 ,1843 
FL,20200512,40733 ,1877 
FL,20200513,41052 ,1920 
FL,20200514,41347 ,1954 
FL,20200515,41619 ,1991 
FL,20200516,41869 ,2023 
FL,20200517,42100 ,2056 
FL,20200518,42311 ,2085 
FL,20200519,42505 ,2114 
FL,20200520,42683 ,2142 
FL,20200521,42845 ,2165 
FL,20200522,42993 ,2193 
FL,20200523,43128 ,2210 
FL,20200524,43251 ,2236 
FL,20200525,43362 ,2253 
FL,20200526,43464 ,2273 
FL,20200527,43556 ,2291 
FL,20200528,43639 ,2308 
FL,20200529,43714 ,2323 
FL,20200530,43783 ,2338 
FL,20200531,43844 ,2352 
FL,20200601,43899 ,2362 
FL,20200602,43949 ,2378 
FL,20200603,43994 ,2384 
FL,20200604,44035 ,2397 
FL,20200605,44071 ,2404 
FL,20200606,44103 ,2414 
FL,20200607,44133 ,2422 
FL,20200608,44159 ,2430 
FL,20200609,44182 ,2436 
FL,20200610,44203 ,2442 
FL,20200611,44222 ,2450 
FL,20200612,44238 ,2451 
FL,20200613,44253 ,2459 
FL,20200614,44266 ,2462 
FL,20200615,44278 ,2468 
FL,20200616,44288 ,2470 
FL,20200617,44298 ,2475 
FL,20200618,44306 ,2478 
FL,20200619,44313 ,2481 
FL,20200620,44320 ,2485 
FL,20200621,44325 ,2483 
FL,20200622,44330 ,2489 
FL,20200623,44335 ,2488 
FL,20200624,44339 ,2493 
FL,20200625,44342 ,2493 
FL,20200626,44346 ,2496 
FL,20200627,44348 ,2496 
FL,20200628,44351 ,2499 
FL,20200629,44353 ,2500 
FL,20200630,44355 ,2498 
GA,20200510,32830 ,1438 
GA,20200511,33324 ,1467 
GA,20200512,33798 ,1495 
GA,20200513,34251 ,1522 
GA,20200514,34685 ,1548 
GA,20200515,35099 ,1574 
GA,20200516,35495 ,1598 
GA,20200517,35871 ,1622 
GA,20200518,36230 ,1644 
GA,20200519,36570 ,1665 
GA,20200520,36894 ,1687 
GA,20200521,37200 ,1704 
GA,20200522,37491 ,1725 
GA,20200523,37766 ,1742 
GA,20200524,38026 ,1759 
GA,20200525,38271 ,1776 
GA,20200526,38503 ,1790 
GA,20200527,38721 ,1806 
GA,20200528,38926 ,1819 
GA,20200529,39120 ,1832 
GA,20200530,39301 ,1845 
GA,20200531,39472 ,1855 
GA,20200601,39632 ,1867 
GA,20200602,39782 ,1877 
GA,20200603,39922 ,1887 
GA,20200604,40053 ,1897 
GA,20200605,40176 ,1904 
GA,20200606,40291 ,1914 
GA,20200607,40398 ,1920 
GA,20200608,40497 ,1928 
GA,20200609,40590 ,1935 
GA,20200610,40677 ,1940 
GA,20200611,40757 ,1947 
GA,20200612,40832 ,1952 
GA,20200613,40902 ,1957 
GA,20200614,40966 ,1963 
GA,20200615,41026 ,1965 
GA,20200616,41081 ,1972 
GA,20200617,41133 ,1973 
GA,20200618,41180 ,1978 
GA,20200619,41224 ,1981 
GA,20200620,41265 ,1984 
GA,20200621,41302 ,1988 
GA,20200622,41337 ,1990 
GA,20200623,41369 ,1992 
GA,20200624,41398 ,1995 
GA,20200625,41426 ,1996 
GA,20200626,41451 ,1999 
GA,20200627,41474 ,2000 
GA,20200628,41495 ,2002 
GA,20200629,41514 ,2004 
GA,20200630,41532 ,2004 
GU,20200510,148 ,5 
GU,20200511,148 ,5 
GU,20200512,148 ,5 
GU,20200513,148 ,5 
GU,20200514,148 ,5 
GU,20200515,148 ,5 
GU,20200516,148 ,5 
GU,20200517,148 ,5 
GU,20200518,148 ,5 
GU,20200519,148 ,5 
GU,20200520,148 ,5 
GU,20200521,148 ,5 
GU,20200522,148 ,5 
GU,20200523,148 ,5 
GU,20200524,148 ,5 
GU,20200525,148 ,5 
GU,20200526,148 ,5 
GU,20200527,148 ,5 
GU,20200528,148 ,5 
GU,20200529,148 ,5 
GU,20200530,148 ,5 
GU,20200531,148 ,5 
GU,20200601,148 ,5 
GU,20200602,148 ,5 
GU,20200603,148 ,5 
GU,20200604,148 ,5 
GU,20200605,148 ,5 
GU,20200606,148 ,5 
GU,20200607,148 ,5 
GU,20200608,148 ,5 
GU,20200609,148 ,5 
GU,20200610,148 ,5 
GU,20200611,148 ,5 
GU,20200612,148 ,5 
GU,20200613,148 ,5 
GU,20200614,148 ,5 
GU,20200615,148 ,5 
GU,20200616,148 ,5 
GU,20200617,148 ,5 
GU,20200618,148 ,5 
GU,20200619,148 ,5 
GU,20200620,148 ,5 
GU,20200621,148 ,5 
GU,20200622,148 ,5 
GU,20200623,148 ,5 
GU,20200624,148 ,5 
GU,20200625,148 ,5 
GU,20200626,148 ,5 
GU,20200627,148 ,5 
GU,20200628,148 ,5 
GU,20200629,148 ,5 
GU,20200630,148 ,5 
HI,20200510,627 ,17 
HI,20200511,627 ,18 
HI,20200512,627 ,18 
HI,20200513,627 ,18 
HI,20200514,628 ,18 
HI,20200515,628 ,18 
HI,20200516,628 ,18 
HI,20200517,628 ,18 
HI,20200518,628 ,18 
HI,20200519,628 ,18 
HI,20200520,628 ,18 
HI,20200521,628 ,18 
HI,20200522,628 ,18 
HI,20200523,629 ,18 
HI,20200524,629 ,18 
HI,20200525,629 ,18 
HI,20200526,629 ,18 
HI,20200527,629 ,18 
HI,20200528,629 ,19 
HI,20200529,629 ,19 
HI,20200530,629 ,19 
HI,20200531,629 ,19 
HI,20200601,629 ,19 
HI,20200602,629 ,19 
HI,20200603,629 ,19 
HI,20200604,629 ,19 
HI,20200605,629 ,19 
HI,20200606,629 ,19 
HI,20200607,629 ,19 
HI,20200608,629 ,19 
HI,20200609,629 ,19 
HI,20200610,629 ,19 
HI,20200611,629 ,19 
HI,20200612,629 ,19 
HI,20200613,629 ,19 
HI,20200614,629 ,19 
HI,20200615,629 ,19 
HI,20200616,629 ,19 
HI,20200617,629 ,19 
HI,20200618,629 ,19 
HI,20200619,629 ,19 
HI,20200620,629 ,19 
HI,20200621,629 ,19 
HI,20200622,629 ,19 
HI,20200623,629 ,19 
HI,20200624,629 ,19 
HI,20200625,629 ,19 
HI,20200626,629 ,19 
HI,20200627,629 ,19 
HI,20200628,629 ,19 
HI,20200629,629 ,19 
HI,20200630,629 ,19 
IA,20200510,12145 ,274 
IA,20200511,12648 ,288 
IA,20200512,13155 ,303 
IA,20200513,13663 ,317 
IA,20200514,14174 ,333 
IA,20200515,14684 ,348 
IA,20200516,15195 ,363 
IA,20200517,15705 ,379 
IA,20200518,16214 ,394 
IA,20200519,16720 ,410 
IA,20200520,17224 ,426 
IA,20200521,17724 ,441 
IA,20200522,18219 ,457 
IA,20200523,18710 ,473 
IA,20200524,19196 ,489 
IA,20200525,19676 ,505 
IA,20200526,20150 ,521 
IA,20200527,20616 ,537 
IA,20200528,21076 ,552 
IA,20200529,21527 ,568 
IA,20200530,21971 ,583 
IA,20200531,22406 ,598 
IA,20200601,22833 ,614 
IA,20200602,23251 ,628 
IA,20200603,23659 ,643 
IA,20200604,24058 ,658 
IA,20200605,24447 ,672 
IA,20200606,24826 ,686 
IA,20200607,25196 ,700 
IA,20200608,25555 ,713 
IA,20200609,25904 ,727 
IA,20200610,26244 ,740 
IA,20200611,26573 ,752 
IA,20200612,26892 ,765 
IA,20200613,27200 ,777 
IA,20200614,27499 ,789 
IA,20200615,27788 ,800 
IA,20200616,28067 ,812 
IA,20200617,28336 ,822 
IA,20200618,28595 ,833 
IA,20200619,28845 ,843 
IA,20200620,29085 ,853 
IA,20200621,29316 ,863 
IA,20200622,29539 ,872 
IA,20200623,29752 ,881 
IA,20200624,29956 ,890 
IA,20200625,30153 ,898 
IA,20200626,30340 ,907 
IA,20200627,30520 ,915 
IA,20200628,30692 ,922 
IA,20200629,30856 ,929 
IA,20200630,31013 ,936 
ID,20200510,2996 ,101 
ID,20200511,3201 ,110 
ID,20200512,3415 ,119 
ID,20200513,3638 ,129 
ID,20200514,3871 ,139 
ID,20200515,4112 ,150 
ID,20200516,4363 ,161 
ID,20200517,4623 ,173 
ID,20200518,4892 ,186 
ID,20200519,5169 ,199 
ID,20200520,5456 ,213 
ID,20200521,5751 ,228 
ID,20200522,6055 ,243 
ID,20200523,6368 ,259 
ID,20200524,6688 ,276 
ID,20200525,7017 ,293 
ID,20200526,7353 ,311 
ID,20200527,7697 ,330 
ID,20200528,8048 ,349 
ID,20200529,8406 ,370 
ID,20200530,8770 ,390 
ID,20200531,9141 ,412 
ID,20200601,9517 ,434 
ID,20200602,9900 ,457 
ID,20200603,10287 ,481 
ID,20200604,10679 ,505 
ID,20200605,11075 ,530 
ID,20200606,11476 ,556 
ID,20200607,11880 ,582 
ID,20200608,12287 ,609 
ID,20200609,12697 ,636 
ID,20200610,13109 ,664 
ID,20200611,13523 ,693 
ID,20200612,13938 ,722 
ID,20200613,14355 ,752 
ID,20200614,14772 ,782 
ID,20200615,15189 ,813 
ID,20200616,15605 ,844 
ID,20200617,16022 ,875 
ID,20200618,16437 ,907 
ID,20200619,16850 ,940 
ID,20200620,17262 ,972 
ID,20200621,17671 ,1005 
ID,20200622,18077 ,1038 
ID,20200623,18481 ,1072 
ID,20200624,18881 ,1105 
ID,20200625,19278 ,1139 
ID,20200626,19671 ,1173 
ID,20200627,20059 ,1207 
ID,20200628,20442 ,1242 
ID,20200629,20821 ,1276 
ID,20200630,21195 ,1310 
IL,20200510,76787 ,3505 
IL,20200511,78868 ,3622 
IL,20200512,80911 ,3739 
IL,20200513,82915 ,3858 
IL,20200514,84878 ,3971 
IL,20200515,86798 ,4087 
IL,20200516,88673 ,4197 
IL,20200517,90501 ,4306 
IL,20200518,92282 ,4417 
IL,20200519,94014 ,4521 
IL,20200520,95697 ,4626 
IL,20200521,97329 ,4728 
IL,20200522,98911 ,4824 
IL,20200523,100442 ,4925 
IL,20200524,101922 ,5012 
IL,20200525,103351 ,5109 
IL,20200526,104729 ,5197 
IL,20200527,106057 ,5281 
IL,20200528,107334 ,5367 
IL,20200529,108562 ,5447 
IL,20200530,109740 ,5525 
IL,20200531,110871 ,5602 
IL,20200601,111954 ,5670 
IL,20200602,112991 ,5746 
IL,20200603,113982 ,5808 
IL,20200604,114929 ,5875 
IL,20200605,115833 ,5938 
IL,20200606,116695 ,5996 
IL,20200607,117515 ,6056 
IL,20200608,118296 ,6109 
IL,20200609,119039 ,6161 
IL,20200610,119744 ,6213 
IL,20200611,120413 ,6256 
IL,20200612,121048 ,6306 
IL,20200613,121649 ,6347 
IL,20200614,122219 ,6389 
IL,20200615,122757 ,6430 
IL,20200616,123266 ,6465 
IL,20200617,123746 ,6503 
IL,20200618,124200 ,6534 
IL,20200619,124627 ,6566 
IL,20200620,125030 ,6598 
IL,20200621,125409 ,6624 
IL,20200622,125765 ,6653 
IL,20200623,126101 ,6678 
IL,20200624,126415 ,6700 
IL,20200625,126711 ,6727 
IL,20200626,126988 ,6742 
IL,20200627,127248 ,6767 
IL,20200628,127491 ,6784 
IL,20200629,127719 ,6801 
IL,20200630,127932 ,6821 
IN,20200510,29780 ,2167 
IN,20200511,31772 ,2380 
IN,20200512,33811 ,2607 
IN,20200513,35895 ,2850 
IN,20200514,38023 ,3107 
IN,20200515,40190 ,3379 
IN,20200516,42391 ,3666 
IN,20200517,44618 ,3968 
IN,20200518,46859 ,4285 
IN,20200519,49112 ,4617 
IN,20200520,51374 ,4964 
IN,20200521,53642 ,5325 
IN,20200522,55908 ,5700 
IN,20200523,58165 ,6089 
IN,20200524,60404 ,6491 
IN,20200525,62620 ,6906 
IN,20200526,64812 ,7333 
IN,20200527,66977 ,7771 
IN,20200528,69109 ,8219 
IN,20200529,71204 ,8677 
IN,20200530,73255 ,9145 
IN,20200531,75257 ,9621 
IN,20200601,77211 ,10104 
IN,20200602,79114 ,10594 
IN,20200603,80964 ,11089 
IN,20200604,82759 ,11588 
IN,20200605,84496 ,12091 
IN,20200606,86173 ,12597 
IN,20200607,87788 ,13105 
IN,20200608,89344 ,13613 
IN,20200609,90837 ,14121 
IN,20200610,92268 ,14628 
IN,20200611,93637 ,15133 
IN,20200612,94945 ,15635 
IN,20200613,96192 ,16134 
IN,20200614,97380 ,16628 
IN,20200615,98510 ,17117 
IN,20200616,99583 ,17600 
IN,20200617,100599 ,18077 
IN,20200618,101558 ,18546 
IN,20200619,102463 ,19008 
IN,20200620,103317 ,19461 
IN,20200621,104122 ,19905 
IN,20200622,104881 ,20340 
IN,20200623,105592 ,20765 
IN,20200624,106258 ,21181 
IN,20200625,106880 ,21586 
IN,20200626,107461 ,21981 
IN,20200627,108005 ,22365 
IN,20200628,108513 ,22737 
IN,20200629,108986 ,23099 
IN,20200630,109425 ,23450 
KS,20200510,6303 ,173 
KS,20200511,6457 ,179 
KS,20200512,6608 ,184 
KS,20200513,6755 ,189 
KS,20200514,6898 ,194 
KS,20200515,7037 ,200 
KS,20200516,7172 ,204 
KS,20200517,7303 ,209 
KS,20200518,7430 ,214 
KS,20200519,7553 ,218 
KS,20200520,7672 ,223 
KS,20200521,7786 ,227 
KS,20200522,7897 ,232 
KS,20200523,8003 ,236 
KS,20200524,8105 ,240 
KS,20200525,8203 ,244 
KS,20200526,8297 ,247 
KS,20200527,8388 ,251 
KS,20200528,8474 ,254 
KS,20200529,8557 ,258 
KS,20200530,8635 ,261 
KS,20200531,8711 ,264 
KS,20200601,8782 ,267 
KS,20200602,8851 ,270 
KS,20200603,8916 ,272 
KS,20200604,8978 ,275 
KS,20200605,9036 ,278 
KS,20200606,9092 ,280 
KS,20200607,9145 ,282 
KS,20200608,9195 ,284 
KS,20200609,9242 ,286 
KS,20200610,9287 ,288 
KS,20200611,9329 ,290 
KS,20200612,9369 ,292 
KS,20200613,9406 ,293 
KS,20200614,9442 ,295 
KS,20200615,9475 ,297 
KS,20200616,9506 ,298 
KS,20200617,9536 ,299 
KS,20200618,9563 ,300 
KS,20200619,9589 ,302 
KS,20200620,9614 ,303 
KS,20200621,9637 ,304 
KS,20200622,9658 ,305 
KS,20200623,9678 ,306 
KS,20200624,9697 ,307 
KS,20200625,9714 ,308 
KS,20200626,9730 ,308 
KS,20200627,9746 ,309 
KS,20200628,9760 ,309 
KS,20200629,9773 ,310 
KS,20200630,9785 ,311 
KY,20200510,6826 ,421 
KY,20200511,7076 ,454 
KY,20200512,7317 ,488 
KY,20200513,7546 ,522 
KY,20200514,7765 ,557 
KY,20200515,7971 ,593 
KY,20200516,8165 ,629 
KY,20200517,8348 ,666 
KY,20200518,8519 ,703 
KY,20200519,8678 ,740 
KY,20200520,8825 ,777 
KY,20200521,8961 ,814 
KY,20200522,9085 ,850 
KY,20200523,9200 ,886 
KY,20200524,9305 ,922 
KY,20200525,9402 ,957 
KY,20200526,9491 ,991 
KY,20200527,9570 ,1025 
KY,20200528,9642 ,1058 
KY,20200529,9707 ,1090 
KY,20200530,9765 ,1122 
KY,20200531,9817 ,1152 
KY,20200601,9865 ,1181 
KY,20200602,9907 ,1209 
KY,20200603,9945 ,1236 
KY,20200604,9978 ,1262 
KY,20200605,10008 ,1288 
KY,20200606,10034 ,1312 
KY,20200607,10057 ,1335 
KY,20200608,10078 ,1357 
KY,20200609,10096 ,1377 
KY,20200610,10112 ,1397 
KY,20200611,10126 ,1416 
KY,20200612,10139 ,1434 
KY,20200613,10149 ,1452 
KY,20200614,10158 ,1468 
KY,20200615,10167 ,1483 
KY,20200616,10174 ,1497 
KY,20200617,10181 ,1511 
KY,20200618,10186 ,1524 
KY,20200619,10191 ,1536 
KY,20200620,10195 ,1547 
KY,20200621,10198 ,1558 
KY,20200622,10201 ,1569 
KY,20200623,10204 ,1578 
KY,20200624,10206 ,1587 
KY,20200625,10208 ,1595 
KY,20200626,10210 ,1603 
KY,20200627,10212 ,1610 
KY,20200628,10213 ,1617 
KY,20200629,10214 ,1624 
KY,20200630,10215 ,1630 
LA,20200510,40060 ,3789 
LA,20200511,42070 ,4173 
LA,20200512,44013 ,4576 
LA,20200513,45882 ,4997 
LA,20200514,47669 ,5434 
LA,20200515,49369 ,5886 
LA,20200516,50976 ,6351 
LA,20200517,52491 ,6827 
LA,20200518,53910 ,7312 
LA,20200519,55234 ,7804 
LA,20200520,56462 ,8301 
LA,20200521,57596 ,8802 
LA,20200522,58640 ,9303 
LA,20200523,59600 ,9804 
LA,20200524,60477 ,10301 
LA,20200525,61275 ,10795 
LA,20200526,61997 ,11282 
LA,20200527,62650 ,11762 
LA,20200528,63239 ,12233 
LA,20200529,63770 ,12694 
LA,20200530,64245 ,13143 
LA,20200531,64669 ,13581 
LA,20200601,65046 ,14006 
LA,20200602,65381 ,14417 
LA,20200603,65679 ,14814 
LA,20200604,65943 ,15197 
LA,20200605,66176 ,15565 
LA,20200606,66381 ,15918 
LA,20200607,66560 ,16257 
LA,20200608,66717 ,16580 
LA,20200609,66855 ,16889 
LA,20200610,66976 ,17183 
LA,20200611,67082 ,17463 
LA,20200612,67174 ,17728 
LA,20200613,67254 ,17980 
LA,20200614,67322 ,18219 
LA,20200615,67382 ,18446 
LA,20200616,67434 ,18659 
LA,20200617,67479 ,18861 
LA,20200618,67518 ,19050 
LA,20200619,67552 ,19229 
LA,20200620,67581 ,19398 
LA,20200621,67605 ,19557 
LA,20200622,67626 ,19706 
LA,20200623,67644 ,19846 
LA,20200624,67660 ,19977 
LA,20200625,67674 ,20100 
LA,20200626,67686 ,20215 
LA,20200627,67695 ,20322 
LA,20200628,67704 ,20424 
LA,20200629,67711 ,20518 
LA,20200630,67717 ,20607 
MA,20200510,77052 ,4934 
MA,20200511,78110 ,5048 
MA,20200512,79109 ,5155 
MA,20200513,80049 ,5260 
MA,20200514,80932 ,5359 
MA,20200515,81762 ,5453 
MA,20200516,82539 ,5543 
MA,20200517,83266 ,5628 
MA,20200518,83946 ,5709 
MA,20200519,84580 ,5786 
MA,20200520,85170 ,5858 
MA,20200521,85720 ,5927 
MA,20200522,86230 ,5992 
MA,20200523,86704 ,6052 
MA,20200524,87143 ,6110 
MA,20200525,87550 ,6163 
MA,20200526,87926 ,6213 
MA,20200527,88273 ,6260 
MA,20200528,88593 ,6304 
MA,20200529,88888 ,6345 
MA,20200530,89160 ,6382 
MA,20200531,89409 ,6418 
MA,20200601,89639 ,6451 
MA,20200602,89849 ,6481 
MA,20200603,90042 ,6510 
MA,20200604,90218 ,6536 
MA,20200605,90380 ,6560 
MA,20200606,90527 ,6582 
MA,20200607,90662 ,6603 
MA,20200608,90785 ,6622 
MA,20200609,90897 ,6640 
MA,20200610,90999 ,6656 
MA,20200611,91092 ,6671 
MA,20200612,91176 ,6684 
MA,20200613,91253 ,6697 
MA,20200614,91322 ,6708 
MA,20200615,91385 ,6719 
MA,20200616,91442 ,6728 
MA,20200617,91494 ,6737 
MA,20200618,91541 ,6745 
MA,20200619,91583 ,6752 
MA,20200620,91621 ,6759 
MA,20200621,91656 ,6765 
MA,20200622,91687 ,6770 
MA,20200623,91715 ,6776 
MA,20200624,91740 ,6780 
MA,20200625,91763 ,6784 
MA,20200626,91783 ,6788 
MA,20200627,91802 ,6791 
MA,20200628,91818 ,6795 
MA,20200629,91833 ,6797 
MA,20200630,91846 ,6800 
MD,20200510,31885 ,1690 
MD,20200511,32739 ,1747 
MD,20200512,33576 ,1803 
MD,20200513,34395 ,1861 
MD,20200514,35195 ,1913 
MD,20200515,35975 ,1971 
MD,20200516,36735 ,2021 
MD,20200517,37473 ,2075 
MD,20200518,38191 ,2127 
MD,20200519,38887 ,2176 
MD,20200520,39560 ,2226 
MD,20200521,40212 ,2273 
MD,20200522,40842 ,2320 
MD,20200523,41449 ,2366 
MD,20200524,42034 ,2407 
MD,20200525,42597 ,2452 
MD,20200526,43138 ,2492 
MD,20200527,43658 ,2532 
MD,20200528,44156 ,2572 
MD,20200529,44633 ,2607 
MD,20200530,45089 ,2645 
MD,20200531,45525 ,2678 
MD,20200601,45942 ,2711 
MD,20200602,46339 ,2744 
MD,20200603,46717 ,2773 
MD,20200604,47076 ,2804 
MD,20200605,47419 ,2831 
MD,20200606,47743 ,2857 
MD,20200607,48052 ,2885 
MD,20200608,48344 ,2905 
MD,20200609,48620 ,2932 
MD,20200610,48882 ,2952 
MD,20200611,49129 ,2973 
MD,20200612,49363 ,2995 
MD,20200613,49583 ,3012 
MD,20200614,49791 ,3031 
MD,20200615,49987 ,3048 
MD,20200616,50171 ,3063 
MD,20200617,50344 ,3080 
MD,20200618,50507 ,3091 
MD,20200619,50659 ,3107 
MD,20200620,50802 ,3120 
MD,20200621,50937 ,3131 
MD,20200622,51062 ,3144 
MD,20200623,51180 ,3153 
MD,20200624,51290 ,3165 
MD,20200625,51393 ,3172 
MD,20200626,51489 ,3181 
MD,20200627,51578 ,3191 
MD,20200628,51662 ,3196 
MD,20200629,51739 ,3205 
MD,20200630,51812 ,3212 
ME,20200510,1360 ,67 
ME,20200511,1374 ,67 
ME,20200512,1388 ,69 
ME,20200513,1401 ,70 
ME,20200514,1413 ,70 
ME,20200515,1424 ,71 
ME,20200516,1434 ,72 
ME,20200517,1444 ,73 
ME,20200518,1453 ,74 
ME,20200519,1462 ,74 
ME,20200520,1469 ,75 
ME,20200521,1477 ,75 
ME,20200522,1483 ,76 
ME,20200523,1490 ,77 
ME,20200524,1495 ,77 
ME,20200525,1501 ,77 
ME,20200526,1506 ,78 
ME,20200527,1510 ,78 
ME,20200528,1514 ,79 
ME,20200529,1518 ,79 
ME,20200530,1521 ,79 
ME,20200531,1525 ,79 
ME,20200601,1528 ,80 
ME,20200602,1530 ,80 
ME,20200603,1533 ,80 
ME,20200604,1535 ,80 
ME,20200605,1537 ,80 
ME,20200606,1539 ,81 
ME,20200607,1541 ,81 
ME,20200608,1542 ,81 
ME,20200609,1544 ,81 
ME,20200610,1545 ,81 
ME,20200611,1546 ,81 
ME,20200612,1547 ,81 
ME,20200613,1548 ,81 
ME,20200614,1549 ,82 
ME,20200615,1550 ,82 
ME,20200616,1551 ,82 
ME,20200617,1551 ,82 
ME,20200618,1552 ,82 
ME,20200619,1552 ,82 
ME,20200620,1553 ,82 
ME,20200621,1553 ,82 
ME,20200622,1554 ,82 
ME,20200623,1554 ,82 
ME,20200624,1554 ,82 
ME,20200625,1555 ,82 
ME,20200626,1555 ,82 
ME,20200627,1555 ,82 
ME,20200628,1555 ,82 
ME,20200629,1555 ,82 
ME,20200630,1556 ,82 
MI,20200510,50603 ,5923 
MI,20200511,51503 ,6253 
MI,20200512,52327 ,6584 
MI,20200513,53080 ,6913 
MI,20200514,53767 ,7239 
MI,20200515,54391 ,7562 
MI,20200516,54954 ,7881 
MI,20200517,55460 ,8194 
MI,20200518,55913 ,8502 
MI,20200519,56319 ,8802 
MI,20200520,56683 ,9095 
MI,20200521,57007 ,9379 
MI,20200522,57295 ,9655 
MI,20200523,57549 ,9923 
MI,20200524,57773 ,10181 
MI,20200525,57970 ,10430 
MI,20200526,58143 ,10668 
MI,20200527,58297 ,10897 
MI,20200528,58431 ,11117 
MI,20200529,58549 ,11326 
MI,20200530,58651 ,11527 
MI,20200531,58739 ,11718 
MI,20200601,58815 ,11899 
MI,20200602,58882 ,12072 
MI,20200603,58941 ,12235 
MI,20200604,58992 ,12390 
MI,20200605,59036 ,12536 
MI,20200606,59074 ,12675 
MI,20200607,59106 ,12806 
MI,20200608,59133 ,12930 
MI,20200609,59156 ,13047 
MI,20200610,59176 ,13157 
MI,20200611,59195 ,13260 
MI,20200612,59210 ,13356 
MI,20200613,59224 ,13447 
MI,20200614,59235 ,13532 
MI,20200615,59244 ,13613 
MI,20200616,59252 ,13689 
MI,20200617,59259 ,13760 
MI,20200618,59264 ,13826 
MI,20200619,59269 ,13888 
MI,20200620,59274 ,13945 
MI,20200621,59278 ,13999 
MI,20200622,59281 ,14049 
MI,20200623,59284 ,14096 
MI,20200624,59286 ,14140 
MI,20200625,59288 ,14183 
MI,20200626,59289 ,14222 
MI,20200627,59290 ,14259 
MI,20200628,59291 ,14293 
MI,20200629,59292 ,14324 
MI,20200630,59293 ,14352 
MN,20200510,10624 ,639 
MN,20200511,11208 ,679 
MN,20200512,11809 ,721 
MN,20200513,12423 ,763 
MN,20200514,13052 ,807 
MN,20200515,13694 ,853 
MN,20200516,14349 ,900 
MN,20200517,15016 ,948 
MN,20200518,15695 ,998 
MN,20200519,16383 ,1047 
MN,20200520,17082 ,1100 
MN,20200521,17790 ,1151 
MN,20200522,18505 ,1206 
MN,20200523,19228 ,1260 
MN,20200524,19957 ,1315 
MN,20200525,20692 ,1371 
MN,20200526,21432 ,1428 
MN,20200527,22175 ,1486 
MN,20200528,22921 ,1544 
MN,20200529,23669 ,1602 
MN,20200530,24419 ,1662 
MN,20200531,25168 ,1720 
MN,20200601,25917 ,1781 
MN,20200602,26665 ,1841 
MN,20200603,27410 ,1901 
MN,20200604,28152 ,1962 
MN,20200605,28891 ,2022 
MN,20200606,29625 ,2083 
MN,20200607,30354 ,2143 
MN,20200608,31077 ,2203 
MN,20200609,31793 ,2264 
MN,20200610,32501 ,2323 
MN,20200611,33202 ,2383 
MN,20200612,33895 ,2442 
MN,20200613,34578 ,2500 
MN,20200614,35252 ,2559 
MN,20200615,35915 ,2615 
MN,20200616,36569 ,2673 
MN,20200617,37211 ,2729 
MN,20200618,37842 ,2784 
MN,20200619,38461 ,2840 
MN,20200620,39068 ,2893 
MN,20200621,39664 ,2947 
MN,20200622,40246 ,2999 
MN,20200623,40816 ,3050 
MN,20200624,41373 ,3101 
MN,20200625,41917 ,3150 
MN,20200626,42448 ,3200 
MN,20200627,42965 ,3247 
MN,20200628,43469 ,3293 
MN,20200629,43960 ,3339 
MN,20200630,44438 ,3383 
MO,20200510,9794 ,469 
MO,20200511,9947 ,482 
MO,20200512,10093 ,494 
MO,20200513,10232 ,506 
MO,20200514,10364 ,518 
MO,20200515,10490 ,529 
MO,20200516,10609 ,540 
MO,20200517,10721 ,550 
MO,20200518,10827 ,560 
MO,20200519,10927 ,570 
MO,20200520,11022 ,579 
MO,20200521,11111 ,588 
MO,20200522,11194 ,597 
MO,20200523,11273 ,605 
MO,20200524,11346 ,613 
MO,20200525,11415 ,620 
MO,20200526,11479 ,627 
MO,20200527,11540 ,634 
MO,20200528,11596 ,640 
MO,20200529,11648 ,646 
MO,20200530,11697 ,652 
MO,20200531,11742 ,657 
MO,20200601,11784 ,662 
MO,20200602,11823 ,667 
MO,20200603,11860 ,671 
MO,20200604,11893 ,676 
MO,20200605,11925 ,680 
MO,20200606,11953 ,683 
MO,20200607,11980 ,687 
MO,20200608,12004 ,690 
MO,20200609,12027 ,693 
MO,20200610,12048 ,696 
MO,20200611,12067 ,699 
MO,20200612,12085 ,701 
MO,20200613,12101 ,704 
MO,20200614,12116 ,706 
MO,20200615,12130 ,708 
MO,20200616,12142 ,710 
MO,20200617,12154 ,711 
MO,20200618,12164 ,713 
MO,20200619,12174 ,715 
MO,20200620,12183 ,716 
MO,20200621,12191 ,717 
MO,20200622,12198 ,718 
MO,20200623,12205 ,720 
MO,20200624,12211 ,721 
MO,20200625,12217 ,722 
MO,20200626,12222 ,723 
MO,20200627,12226 ,723 
MO,20200628,12230 ,724 
MO,20200629,12234 ,725 
MO,20200630,12238 ,725 
MP,20200510,16 ,0 
MP,20200511,17 ,0 
MP,20200512,17 ,0 
MP,20200513,17 ,0 
MP,20200514,17 ,0 
MP,20200515,17 ,0 
MP,20200516,18 ,0 
MP,20200517,18 ,0 
MP,20200518,18 ,0 
MP,20200519,18 ,0 
MP,20200520,18 ,0 
MP,20200521,19 ,0 
MP,20200522,19 ,0 
MP,20200523,19 ,0 
MP,20200524,19 ,0 
MP,20200525,19 ,0 
MP,20200526,19 ,0 
MP,20200527,19 ,0 
MP,20200528,20 ,0 
MP,20200529,20 ,0 
MP,20200530,20 ,0 
MP,20200531,20 ,0 
MP,20200601,20 ,0 
MP,20200602,20 ,0 
MP,20200603,20 ,0 
MP,20200604,20 ,0 
MP,20200605,20 ,0 
MP,20200606,20 ,0 
MP,20200607,21 ,0 
MP,20200608,21 ,0 
MP,20200609,21 ,0 
MP,20200610,21 ,0 
MP,20200611,21 ,0 
MP,20200612,21 ,0 
MP,20200613,21 ,0 
MP,20200614,21 ,0 
MP,20200615,21 ,0 
MP,20200616,21 ,0 
MP,20200617,21 ,0 
MP,20200618,21 ,0 
MP,20200619,21 ,0 
MP,20200620,21 ,0 
MP,20200621,21 ,0 
MP,20200622,21 ,0 
MP,20200623,21 ,0 
MP,20200624,21 ,0 
MP,20200625,21 ,0 
MP,20200626,21 ,0 
MP,20200627,21 ,0 
MP,20200628,21 ,0 
MP,20200629,21 ,0 
MP,20200630,21 ,0 
MS,20200510,9427 ,432 
MS,20200511,9638 ,448 
MS,20200512,9842 ,463 
MS,20200513,10040 ,477 
MS,20200514,10231 ,492 
MS,20200515,10415 ,506 
MS,20200516,10592 ,520 
MS,20200517,10763 ,533 
MS,20200518,10927 ,546 
MS,20200519,11084 ,560 
MS,20200520,11234 ,572 
MS,20200521,11378 ,584 
MS,20200522,11516 ,597 
MS,20200523,11647 ,607 
MS,20200524,11772 ,619 
MS,20200525,11892 ,630 
MS,20200526,12005 ,640 
MS,20200527,12112 ,650 
MS,20200528,12214 ,660 
MS,20200529,12311 ,669 
MS,20200530,12403 ,678 
MS,20200531,12489 ,686 
MS,20200601,12571 ,695 
MS,20200602,12648 ,702 
MS,20200603,12721 ,710 
MS,20200604,12790 ,717 
MS,20200605,12854 ,724 
MS,20200606,12915 ,731 
MS,20200607,12972 ,736 
MS,20200608,13025 ,743 
MS,20200609,13075 ,748 
MS,20200610,13122 ,753 
MS,20200611,13166 ,759 
MS,20200612,13207 ,763 
MS,20200613,13245 ,768 
MS,20200614,13281 ,772 
MS,20200615,13314 ,776 
MS,20200616,13346 ,780 
MS,20200617,13375 ,783 
MS,20200618,13402 ,787 
MS,20200619,13427 ,790 
MS,20200620,13450 ,792 
MS,20200621,13472 ,796 
MS,20200622,13492 ,798 
MS,20200623,13510 ,801 
MS,20200624,13528 ,803 
MS,20200625,13544 ,805 
MS,20200626,13558 ,807 
MS,20200627,13572 ,809 
MS,20200628,13585 ,810 
MS,20200629,13596 ,812 
MS,20200630,13607 ,813 
MT,20200510,577 ,23 
MT,20200511,603 ,25 
MT,20200512,629 ,26 
MT,20200513,655 ,28 
MT,20200514,681 ,30 
MT,20200515,707 ,32 
MT,20200516,733 ,33 
MT,20200517,759 ,35 
MT,20200518,785 ,37 
MT,20200519,811 ,39 
MT,20200520,835 ,42 
MT,20200521,860 ,44 
MT,20200522,885 ,46 
MT,20200523,909 ,48 
MT,20200524,933 ,50 
MT,20200525,956 ,53 
MT,20200526,979 ,55 
MT,20200527,1001 ,57 
MT,20200528,1022 ,60 
MT,20200529,1043 ,62 
MT,20200530,1064 ,64 
MT,20200531,1084 ,67 
MT,20200601,1103 ,69 
MT,20200602,1121 ,72 
MT,20200603,1139 ,74 
MT,20200604,1156 ,76 
MT,20200605,1173 ,79 
MT,20200606,1189 ,81 
MT,20200607,1205 ,83 
MT,20200608,1219 ,86 
MT,20200609,1233 ,88 
MT,20200610,1246 ,90 
MT,20200611,1259 ,93 
MT,20200612,1272 ,95 
MT,20200613,1283 ,97 
MT,20200614,1294 ,99 
MT,20200615,1305 ,101 
MT,20200616,1314 ,103 
MT,20200617,1324 ,105 
MT,20200618,1332 ,107 
MT,20200619,1341 ,109 
MT,20200620,1349 ,111 
MT,20200621,1357 ,113 
MT,20200622,1363 ,115 
MT,20200623,1370 ,117 
MT,20200624,1376 ,118 
MT,20200625,1381 ,120 
MT,20200626,1387 ,122 
MT,20200627,1392 ,123 
MT,20200628,1397 ,125 
MT,20200629,1402 ,126 
MT,20200630,1405 ,127 
NC,20200510,15436 ,716 
NC,20200511,15898 ,769 
NC,20200512,16333 ,823 
NC,20200513,16740 ,878 
NC,20200514,17119 ,934 
NC,20200515,17471 ,990 
NC,20200516,17796 ,1047 
NC,20200517,18094 ,1103 
NC,20200518,18367 ,1160 
NC,20200519,18615 ,1216 
NC,20200520,18841 ,1271 
NC,20200521,19048 ,1326 
NC,20200522,19236 ,1380 
NC,20200523,19405 ,1433 
NC,20200524,19557 ,1485 
NC,20200525,19692 ,1535 
NC,20200526,19812 ,1585 
NC,20200527,19918 ,1633 
NC,20200528,20012 ,1680 
NC,20200529,20098 ,1724 
NC,20200530,20175 ,1767 
NC,20200531,20242 ,1808 
NC,20200601,20301 ,1848 
NC,20200602,20352 ,1887 
NC,20200603,20396 ,1924 
NC,20200604,20435 ,1959 
NC,20200605,20469 ,1992 
NC,20200606,20500 ,2024 
NC,20200607,20527 ,2054 
NC,20200608,20551 ,2082 
NC,20200609,20570 ,2109 
NC,20200610,20587 ,2135 
NC,20200611,20602 ,2160 
NC,20200612,20614 ,2183 
NC,20200613,20626 ,2205 
NC,20200614,20636 ,2225 
NC,20200615,20645 ,2244 
NC,20200616,20652 ,2262 
NC,20200617,20658 ,2279 
NC,20200618,20663 ,2296 
NC,20200619,20667 ,2311 
NC,20200620,20671 ,2325 
NC,20200621,20674 ,2339 
NC,20200622,20677 ,2351 
NC,20200623,20680 ,2362 
NC,20200624,20682 ,2373 
NC,20200625,20684 ,2383 
NC,20200626,20686 ,2392 
NC,20200627,20687 ,2402 
NC,20200628,20688 ,2411 
NC,20200629,20688 ,2419 
NC,20200630,20689 ,2426 
ND,20200510,1510 ,36 
ND,20200511,1554 ,37 
ND,20200512,1597 ,38 
ND,20200513,1639 ,40 
ND,20200514,1681 ,41 
ND,20200515,1721 ,43 
ND,20200516,1761 ,44 
ND,20200517,1800 ,46 
ND,20200518,1838 ,47 
ND,20200519,1876 ,48 
ND,20200520,1912 ,50 
ND,20200521,1947 ,51 
ND,20200522,1981 ,53 
ND,20200523,2014 ,54 
ND,20200524,2046 ,55 
ND,20200525,2077 ,56 
ND,20200526,2107 ,58 
ND,20200527,2136 ,59 
ND,20200528,2164 ,60 
ND,20200529,2191 ,61 
ND,20200530,2216 ,62 
ND,20200531,2241 ,63 
ND,20200601,2265 ,64 
ND,20200602,2288 ,65 
ND,20200603,2310 ,66 
ND,20200604,2331 ,67 
ND,20200605,2351 ,68 
ND,20200606,2370 ,69 
ND,20200607,2388 ,70 
ND,20200608,2405 ,71 
ND,20200609,2422 ,72 
ND,20200610,2438 ,72 
ND,20200611,2453 ,73 
ND,20200612,2467 ,74 
ND,20200613,2480 ,75 
ND,20200614,2493 ,75 
ND,20200615,2505 ,76 
ND,20200616,2517 ,77 
ND,20200617,2528 ,77 
ND,20200618,2538 ,78 
ND,20200619,2548 ,78 
ND,20200620,2557 ,79 
ND,20200621,2565 ,79 
ND,20200622,2573 ,80 
ND,20200623,2581 ,80 
ND,20200624,2588 ,80 
ND,20200625,2595 ,81 
ND,20200626,2601 ,81 
ND,20200627,2607 ,82 
ND,20200628,2613 ,82 
ND,20200629,2618 ,82 
ND,20200630,2623 ,82 
NE,20200510,8280 ,127 
NE,20200511,8835 ,139 
NE,20200512,9411 ,151 
NE,20200513,10008 ,164 
NE,20200514,10623 ,177 
NE,20200515,11256 ,192 
NE,20200516,11909 ,207 
NE,20200517,12579 ,223 
NE,20200518,13268 ,240 
NE,20200519,13972 ,258 
NE,20200520,14690 ,277 
NE,20200521,15422 ,297 
NE,20200522,16167 ,317 
NE,20200523,16924 ,338 
NE,20200524,17694 ,361 
NE,20200525,18472 ,384 
NE,20200526,19257 ,408 
NE,20200527,20049 ,432 
NE,20200528,20848 ,458 
NE,20200529,21652 ,484 
NE,20200530,22460 ,512 
NE,20200531,23269 ,540 
NE,20200601,24078 ,568 
NE,20200602,24887 ,598 
NE,20200603,25694 ,628 
NE,20200604,26499 ,659 
NE,20200605,27300 ,690 
NE,20200606,28097 ,722 
NE,20200607,28886 ,755 
NE,20200608,29667 ,788 
NE,20200609,30439 ,822 
NE,20200610,31204 ,856 
NE,20200611,31958 ,890 
NE,20200612,32702 ,925 
NE,20200613,33433 ,960 
NE,20200614,34151 ,996 
NE,20200615,34855 ,1031 
NE,20200616,35546 ,1067 
NE,20200617,36222 ,1103 
NE,20200618,36884 ,1139 
NE,20200619,37531 ,1175 
NE,20200620,38161 ,1211 
NE,20200621,38774 ,1247 
NE,20200622,39371 ,1283 
NE,20200623,39951 ,1319 
NE,20200624,40515 ,1355 
NE,20200625,41062 ,1390 
NE,20200626,41592 ,1425 
NE,20200627,42104 ,1460 
NE,20200628,42599 ,1495 
NE,20200629,43077 ,1529 
NE,20200630,43538 ,1563 
NH,20200510,3017 ,126 
NH,20200511,3091 ,132 
NH,20200512,3162 ,137 
NH,20200513,3231 ,144 
NH,20200514,3296 ,149 
NH,20200515,3357 ,155 
NH,20200516,3416 ,161 
NH,20200517,3471 ,167 
NH,20200518,3524 ,173 
NH,20200519,3573 ,178 
NH,20200520,3619 ,184 
NH,20200521,3662 ,189 
NH,20200522,3703 ,195 
NH,20200523,3740 ,200 
NH,20200524,3776 ,205 
NH,20200525,3808 ,210 
NH,20200526,3838 ,215 
NH,20200527,3866 ,220 
NH,20200528,3892 ,224 
NH,20200529,3916 ,229 
NH,20200530,3938 ,233 
NH,20200531,3958 ,237 
NH,20200601,3976 ,241 
NH,20200602,3993 ,244 
NH,20200603,4008 ,248 
NH,20200604,4022 ,252 
NH,20200605,4035 ,255 
NH,20200606,4047 ,258 
NH,20200607,4057 ,261 
NH,20200608,4067 ,264 
NH,20200609,4075 ,266 
NH,20200610,4083 ,269 
NH,20200611,4090 ,272 
NH,20200612,4097 ,274 
NH,20200613,4102 ,276 
NH,20200614,4107 ,278 
NH,20200615,4112 ,280 
NH,20200616,4116 ,282 
NH,20200617,4120 ,284 
NH,20200618,4123 ,285 
NH,20200619,4126 ,287 
NH,20200620,4129 ,288 
NH,20200621,4131 ,290 
NH,20200622,4133 ,291 
NH,20200623,4135 ,292 
NH,20200624,4136 ,293 
NH,20200625,4138 ,294 
NH,20200626,4139 ,296 
NH,20200627,4140 ,296 
NH,20200628,4141 ,297 
NH,20200629,4142 ,298 
NH,20200630,4143 ,299 
NJ,20200510,137762 ,9243 
NJ,20200511,138855 ,9391 
NJ,20200512,139851 ,9527 
NJ,20200513,140756 ,9653 
NJ,20200514,141578 ,9772 
NJ,20200515,142323 ,9880 
NJ,20200516,142997 ,9981 
NJ,20200517,143605 ,10072 
NJ,20200518,144153 ,10158 
NJ,20200519,144646 ,10234 
NJ,20200520,145089 ,10306 
NJ,20200521,145486 ,10371 
NJ,20200522,145841 ,10429 
NJ,20200523,146160 ,10484 
NJ,20200524,146444 ,10531 
NJ,20200525,146697 ,10577 
NJ,20200526,146922 ,10614 
NJ,20200527,147123 ,10652 
NJ,20200528,147301 ,10684 
NJ,20200529,147459 ,10713 
NJ,20200530,147600 ,10740 
NJ,20200531,147724 ,10763 
NJ,20200601,147833 ,10786 
NJ,20200602,147930 ,10803 
NJ,20200603,148016 ,10821 
NJ,20200604,148091 ,10835 
NJ,20200605,148157 ,10850 
NJ,20200606,148215 ,10861 
NJ,20200607,148267 ,10872 
NJ,20200608,148312 ,10882 
NJ,20200609,148351 ,10890 
NJ,20200610,148386 ,10897 
NJ,20200611,148416 ,10903 
NJ,20200612,148443 ,10910 
NJ,20200613,148466 ,10914 
NJ,20200614,148486 ,10920 
NJ,20200615,148504 ,10923 
NJ,20200616,148519 ,10928 
NJ,20200617,148532 ,10929 
NJ,20200618,148544 ,10933 
NJ,20200619,148554 ,10935 
NJ,20200620,148563 ,10937 
NJ,20200621,148571 ,10940 
NJ,20200622,148577 ,10940 
NJ,20200623,148583 ,10944 
NJ,20200624,148588 ,10942 
NJ,20200625,148593 ,10947 
NJ,20200626,148596 ,10944 
NJ,20200627,148600 ,10947 
NJ,20200628,148602 ,10947 
NJ,20200629,148605 ,10948 
NJ,20200630,148607 ,10949 
NM,20200510,4784 ,191 
NM,20200511,4936 ,199 
NM,20200512,5086 ,207 
NM,20200513,5235 ,215 
NM,20200514,5382 ,223 
NM,20200515,5526 ,230 
NM,20200516,5669 ,238 
NM,20200517,5809 ,246 
NM,20200518,5946 ,254 
NM,20200519,6081 ,261 
NM,20200520,6213 ,269 
NM,20200521,6342 ,276 
NM,20200522,6468 ,284 
NM,20200523,6591 ,291 
NM,20200524,6711 ,298 
NM,20200525,6828 ,305 
NM,20200526,6941 ,312 
NM,20200527,7051 ,319 
NM,20200528,7158 ,326 
NM,20200529,7262 ,332 
NM,20200530,7362 ,338 
NM,20200531,7459 ,345 
NM,20200601,7552 ,351 
NM,20200602,7642 ,356 
NM,20200603,7729 ,362 
NM,20200604,7813 ,368 
NM,20200605,7893 ,373 
NM,20200606,7970 ,378 
NM,20200607,8045 ,383 
NM,20200608,8116 ,388 
NM,20200609,8184 ,393 
NM,20200610,8249 ,397 
NM,20200611,8311 ,402 
NM,20200612,8371 ,406 
NM,20200613,8428 ,410 
NM,20200614,8482 ,414 
NM,20200615,8534 ,418 
NM,20200616,8583 ,421 
NM,20200617,8630 ,425 
NM,20200618,8675 ,428 
NM,20200619,8717 ,431 
NM,20200620,8757 ,434 
NM,20200621,8795 ,437 
NM,20200622,8832 ,440 
NM,20200623,8866 ,442 
NM,20200624,8898 ,445 
NM,20200625,8929 ,447 
NM,20200626,8958 ,449 
NM,20200627,8985 ,451 
NM,20200628,9011 ,454 
NM,20200629,9035 ,455 
NM,20200630,9058 ,457 
NV,20200510,6065 ,304 
NV,20200511,6142 ,310 
NV,20200512,6216 ,315 
NV,20200513,6286 ,320 
NV,20200514,6352 ,325 
NV,20200515,6416 ,330 
NV,20200516,6476 ,334 
NV,20200517,6532 ,338 
NV,20200518,6586 ,343 
NV,20200519,6637 ,346 
NV,20200520,6685 ,350 
NV,20200521,6730 ,354 
NV,20200522,6772 ,357 
NV,20200523,6812 ,360 
NV,20200524,6850 ,363 
NV,20200525,6885 ,366 
NV,20200526,6918 ,369 
NV,20200527,6949 ,371 
NV,20200528,6978 ,374 
NV,20200529,7005 ,376 
NV,20200530,7030 ,378 
NV,20200531,7054 ,380 
NV,20200601,7076 ,382 
NV,20200602,7096 ,384 
NV,20200603,7116 ,386 
NV,20200604,7133 ,387 
NV,20200605,7150 ,389 
NV,20200606,7165 ,390 
NV,20200607,7180 ,391 
NV,20200608,7193 ,392 
NV,20200609,7205 ,394 
NV,20200610,7216 ,395 
NV,20200611,7227 ,396 
NV,20200612,7236 ,396 
NV,20200613,7245 ,397 
NV,20200614,7254 ,398 
NV,20200615,7261 ,399 
NV,20200616,7268 ,399 
NV,20200617,7275 ,400 
NV,20200618,7281 ,401 
NV,20200619,7286 ,401 
NV,20200620,7291 ,401 
NV,20200621,7296 ,402 
NV,20200622,7300 ,402 
NV,20200623,7304 ,403 
NV,20200624,7308 ,403 
NV,20200625,7311 ,403 
NV,20200626,7314 ,404 
NV,20200627,7317 ,404 
NV,20200628,7319 ,404 
NV,20200629,7321 ,405 
NV,20200630,7324 ,405 
NY,20200510,333950 ,21328 
NY,20200511,335767 ,21521 
NY,20200512,337433 ,21700 
NY,20200513,338958 ,21867 
NY,20200514,340353 ,22019 
NY,20200515,341627 ,22161 
NY,20200516,342788 ,22292 
NY,20200517,343846 ,22411 
NY,20200518,344808 ,22522 
NY,20200519,345682 ,22621 
NY,20200520,346476 ,22714 
NY,20200521,347195 ,22799 
NY,20200522,347846 ,22875 
NY,20200523,348434 ,22946 
NY,20200524,348966 ,23010 
NY,20200525,349446 ,23068 
NY,20200526,349879 ,23122 
NY,20200527,350269 ,23169 
NY,20200528,350620 ,23214 
NY,20200529,350935 ,23252 
NY,20200530,351218 ,23288 
NY,20200531,351472 ,23320 
NY,20200601,351700 ,23349 
NY,20200602,351904 ,23376 
NY,20200603,352086 ,23399 
NY,20200604,352249 ,23420 
NY,20200605,352395 ,23440 
NY,20200606,352525 ,23456 
NY,20200607,352642 ,23473 
NY,20200608,352745 ,23486 
NY,20200609,352837 ,23499 
NY,20200610,352919 ,23510 
NY,20200611,352992 ,23519 
NY,20200612,353057 ,23529 
NY,20200613,353115 ,23537 
NY,20200614,353166 ,23543 
NY,20200615,353211 ,23551 
NY,20200616,353251 ,23555 
NY,20200617,353287 ,23562 
NY,20200618,353318 ,23565 
NY,20200619,353346 ,23569 
NY,20200620,353371 ,23573 
NY,20200621,353393 ,23576 
NY,20200622,353412 ,23579 
NY,20200623,353429 ,23582 
NY,20200624,353444 ,23583 
NY,20200625,353457 ,23586 
NY,20200626,353468 ,23586 
NY,20200627,353479 ,23589 
NY,20200628,353488 ,23589 
NY,20200629,353496 ,23591 
NY,20200630,353503 ,23592 
OH,20200510,23837 ,1376 
OH,20200511,24295 ,1416 
OH,20200512,24735 ,1456 
OH,20200513,25158 ,1495 
OH,20200514,25563 ,1534 
OH,20200515,25952 ,1570 
OH,20200516,26323 ,1606 
OH,20200517,26678 ,1641 
OH,20200518,27017 ,1674 
OH,20200519,27339 ,1707 
OH,20200520,27646 ,1738 
OH,20200521,27937 ,1769 
OH,20200522,28213 ,1798 
OH,20200523,28475 ,1825 
OH,20200524,28723 ,1853 
OH,20200525,28957 ,1878 
OH,20200526,29178 ,1903 
OH,20200527,29386 ,1927 
OH,20200528,29583 ,1948 
OH,20200529,29767 ,1970 
OH,20200530,29941 ,1991 
OH,20200531,30104 ,2010 
OH,20200601,30257 ,2028 
OH,20200602,30400 ,2046 
OH,20200603,30534 ,2062 
OH,20200604,30659 ,2078 
OH,20200605,30776 ,2092 
OH,20200606,30886 ,2107 
OH,20200607,30987 ,2119 
OH,20200608,31082 ,2132 
OH,20200609,31170 ,2144 
OH,20200610,31252 ,2154 
OH,20200611,31329 ,2165 
OH,20200612,31399 ,2174 
OH,20200613,31465 ,2184 
OH,20200614,31526 ,2192 
OH,20200615,31582 ,2200 
OH,20200616,31634 ,2207 
OH,20200617,31682 ,2214 
OH,20200618,31727 ,2221 
OH,20200619,31768 ,2227 
OH,20200620,31806 ,2232 
OH,20200621,31841 ,2238 
OH,20200622,31873 ,2242 
OH,20200623,31902 ,2247 
OH,20200624,31929 ,2251 
OH,20200625,31954 ,2255 
OH,20200626,31977 ,2259 
OH,20200627,31998 ,2262 
OH,20200628,32018 ,2265 
OH,20200629,32035 ,2268 
OH,20200630,32052 ,2270 
OK,20200510,4468 ,278 
OK,20200511,4525 ,282 
OK,20200512,4579 ,288 
OK,20200513,4631 ,292 
OK,20200514,4679 ,296 
OK,20200515,4726 ,301 
OK,20200516,4770 ,304 
OK,20200517,4811 ,308 
OK,20200518,4850 ,311 
OK,20200519,4887 ,315 
OK,20200520,4922 ,318 
OK,20200521,4955 ,321 
OK,20200522,4986 ,324 
OK,20200523,5015 ,327 
OK,20200524,5042 ,330 
OK,20200525,5068 ,332 
OK,20200526,5092 ,334 
OK,20200527,5115 ,337 
OK,20200528,5136 ,338 
OK,20200529,5155 ,341 
OK,20200530,5174 ,343 
OK,20200531,5191 ,344 
OK,20200601,5207 ,346 
OK,20200602,5221 ,347 
OK,20200603,5235 ,349 
OK,20200604,5248 ,350 
OK,20200605,5260 ,351 
OK,20200606,5271 ,352 
OK,20200607,5281 ,353 
OK,20200608,5291 ,354 
OK,20200609,5300 ,356 
OK,20200610,5308 ,356 
OK,20200611,5315 ,357 
OK,20200612,5322 ,358 
OK,20200613,5329 ,358 
OK,20200614,5334 ,359 
OK,20200615,5340 ,360 
OK,20200616,5345 ,360 
OK,20200617,5350 ,361 
OK,20200618,5354 ,361 
OK,20200619,5358 ,362 
OK,20200620,5361 ,362 
OK,20200621,5365 ,362 
OK,20200622,5368 ,363 
OK,20200623,5370 ,363 
OK,20200624,5373 ,363 
OK,20200625,5375 ,363 
OK,20200626,5377 ,364 
OK,20200627,5379 ,364 
OK,20200628,5381 ,364 
OK,20200629,5383 ,365 
OK,20200630,5384 ,364 
OR,20200510,3403 ,159 
OR,20200511,3506 ,168 
OR,20200512,3606 ,177 
OR,20200513,3704 ,187 
OR,20200514,3800 ,196 
OR,20200515,3894 ,206 
OR,20200516,3984 ,216 
OR,20200517,4070 ,226 
OR,20200518,4152 ,236 
OR,20200519,4232 ,246 
OR,20200520,4308 ,256 
OR,20200521,4382 ,266 
OR,20200522,4452 ,276 
OR,20200523,4519 ,286 
OR,20200524,4582 ,296 
OR,20200525,4641 ,305 
OR,20200526,4697 ,315 
OR,20200527,4751 ,325 
OR,20200528,4802 ,334 
OR,20200529,4850 ,344 
OR,20200530,4895 ,353 
OR,20200531,4936 ,362 
OR,20200601,4975 ,371 
OR,20200602,5010 ,380 
OR,20200603,5044 ,388 
OR,20200604,5076 ,396 
OR,20200605,5106 ,404 
OR,20200606,5134 ,412 
OR,20200607,5160 ,420 
OR,20200608,5184 ,427 
OR,20200609,5205 ,434 
OR,20200610,5224 ,441 
OR,20200611,5241 ,448 
OR,20200612,5258 ,455 
OR,20200613,5274 ,461 
OR,20200614,5290 ,467 
OR,20200615,5304 ,472 
OR,20200616,5315 ,478 
OR,20200617,5326 ,483 
OR,20200618,5335 ,488 
OR,20200619,5343 ,493 
OR,20200620,5352 ,498 
OR,20200621,5360 ,502 
OR,20200622,5367 ,507 
OR,20200623,5373 ,511 
OR,20200624,5378 ,515 
OR,20200625,5383 ,518 
OR,20200626,5388 ,522 
OR,20200627,5392 ,525 
OR,20200628,5396 ,528 
OR,20200629,5399 ,531 
OR,20200630,5402 ,534 
PA,20200510,55571 ,3840 
PA,20200511,56244 ,4017 
PA,20200512,56872 ,4197 
PA,20200513,57459 ,4377 
PA,20200514,58005 ,4560 
PA,20200515,58513 ,4743 
PA,20200516,58984 ,4927 
PA,20200517,59421 ,5112 
PA,20200518,59825 ,5298 
PA,20200519,60198 ,5485 
PA,20200520,60542 ,5671 
PA,20200521,60859 ,5858 
PA,20200522,61150 ,6045 
PA,20200523,61418 ,6232 
PA,20200524,61663 ,6419 
PA,20200525,61888 ,6606 
PA,20200526,62093 ,6792 
PA,20200527,62280 ,6978 
PA,20200528,62451 ,7163 
PA,20200529,62607 ,7348 
PA,20200530,62749 ,7532 
PA,20200531,62878 ,7715 
PA,20200601,62995 ,7897 
PA,20200602,63101 ,8079 
PA,20200603,63197 ,8259 
PA,20200604,63283 ,8439 
PA,20200605,63362 ,8618 
PA,20200606,63433 ,8796 
PA,20200607,63497 ,8972 
PA,20200608,63554 ,9148 
PA,20200609,63606 ,9322 
PA,20200610,63653 ,9496 
PA,20200611,63694 ,9668 
PA,20200612,63732 ,9839 
PA,20200613,63766 ,10009 
PA,20200614,63796 ,10177 
PA,20200615,63823 ,10345 
PA,20200616,63847 ,10511 
PA,20200617,63869 ,10676 
PA,20200618,63888 ,10839 
PA,20200619,63905 ,11002 
PA,20200620,63921 ,11163 
PA,20200621,63934 ,11323 
PA,20200622,63946 ,11482 
PA,20200623,63957 ,11640 
PA,20200624,63967 ,11796 
PA,20200625,63975 ,11951 
PA,20200626,63983 ,12105 
PA,20200627,63990 ,12258 
PA,20200628,63996 ,12409 
PA,20200629,64001 ,12560 
PA,20200630,64006 ,12709 
PR,20200510,2113 ,116 
PR,20200511,2149 ,119 
PR,20200512,2185 ,121 
PR,20200513,2219 ,124 
PR,20200514,2251 ,126 
PR,20200515,2282 ,129 
PR,20200516,2312 ,131 
PR,20200517,2340 ,133 
PR,20200518,2366 ,136 
PR,20200519,2392 ,137 
PR,20200520,2416 ,140 
PR,20200521,2439 ,141 
PR,20200522,2460 ,143 
PR,20200523,2481 ,145 
PR,20200524,2500 ,146 
PR,20200525,2518 ,148 
PR,20200526,2535 ,150 
PR,20200527,2551 ,151 
PR,20200528,2566 ,152 
PR,20200529,2581 ,153 
PR,20200530,2594 ,155 
PR,20200531,2606 ,156 
PR,20200601,2618 ,157 
PR,20200602,2629 ,158 
PR,20200603,2639 ,158 
PR,20200604,2649 ,160 
PR,20200605,2658 ,160 
PR,20200606,2666 ,161 
PR,20200607,2674 ,162 
PR,20200608,2681 ,162 
PR,20200609,2688 ,163 
PR,20200610,2694 ,164 
PR,20200611,2700 ,164 
PR,20200612,2705 ,165 
PR,20200613,2710 ,165 
PR,20200614,2714 ,166 
PR,20200615,2719 ,166 
PR,20200616,2723 ,166 
PR,20200617,2726 ,167 
PR,20200618,2729 ,167 
PR,20200619,2733 ,167 
PR,20200620,2735 ,168 
PR,20200621,2738 ,168 
PR,20200622,2740 ,168 
PR,20200623,2743 ,168 
PR,20200624,2745 ,169 
PR,20200625,2746 ,169 
PR,20200626,2748 ,169 
PR,20200627,2750 ,169 
PR,20200628,2751 ,169 
PR,20200629,2752 ,169 
PR,20200630,2754 ,170 
RI,20200510,10545 ,433 
RI,20200511,10616 ,446 
RI,20200512,10679 ,459 
RI,20200513,10734 ,471 
RI,20200514,10782 ,482 
RI,20200515,10824 ,493 
RI,20200516,10861 ,504 
RI,20200517,10893 ,513 
RI,20200518,10921 ,523 
RI,20200519,10945 ,531 
RI,20200520,10966 ,540 
RI,20200521,10984 ,547 
RI,20200522,10999 ,555 
RI,20200523,11013 ,562 
RI,20200524,11024 ,568 
RI,20200525,11034 ,574 
RI,20200526,11043 ,580 
RI,20200527,11050 ,585 
RI,20200528,11056 ,590 
RI,20200529,11062 ,594 
RI,20200530,11066 ,598 
RI,20200531,11070 ,602 
RI,20200601,11074 ,606 
RI,20200602,11076 ,610 
RI,20200603,11079 ,613 
RI,20200604,11081 ,616 
RI,20200605,11083 ,618 
RI,20200606,11084 ,621 
RI,20200607,11085 ,623 
RI,20200608,11086 ,625 
RI,20200609,11087 ,627 
RI,20200610,11088 ,629 
RI,20200611,11089 ,631 
RI,20200612,11089 ,633 
RI,20200613,11090 ,634 
RI,20200614,11090 ,635 
RI,20200615,11090 ,637 
RI,20200616,11091 ,638 
RI,20200617,11091 ,639 
RI,20200618,11091 ,640 
RI,20200619,11091 ,641 
RI,20200620,11092 ,642 
RI,20200621,11092 ,642 
RI,20200622,11092 ,643 
RI,20200623,11092 ,644 
RI,20200624,11092 ,644 
RI,20200625,11092 ,645 
RI,20200626,11092 ,645 
RI,20200627,11092 ,646 
RI,20200628,11092 ,646 
RI,20200629,11092 ,647 
RI,20200630,11092 ,647 
SC,20200510,8405 ,430 
SC,20200511,8673 ,462 
SC,20200512,8926 ,495 
SC,20200513,9164 ,528 
SC,20200514,9387 ,561 
SC,20200515,9595 ,595 
SC,20200516,9788 ,629 
SC,20200517,9967 ,663 
SC,20200518,10132 ,698 
SC,20200519,10284 ,732 
SC,20200520,10423 ,766 
SC,20200521,10549 ,800 
SC,20200522,10663 ,833 
SC,20200523,10766 ,865 
SC,20200524,10861 ,897 
SC,20200525,10945 ,928 
SC,20200526,11022 ,959 
SC,20200527,11090 ,989 
SC,20200528,11150 ,1018 
SC,20200529,11203 ,1046 
SC,20200530,11251 ,1073 
SC,20200531,11294 ,1099 
SC,20200601,11332 ,1123 
SC,20200602,11365 ,1147 
SC,20200603,11394 ,1170 
SC,20200604,11420 ,1192 
SC,20200605,11442 ,1214 
SC,20200606,11461 ,1234 
SC,20200607,11479 ,1253 
SC,20200608,11494 ,1271 
SC,20200609,11507 ,1288 
SC,20200610,11519 ,1304 
SC,20200611,11529 ,1320 
SC,20200612,11537 ,1334 
SC,20200613,11544 ,1348 
SC,20200614,11551 ,1362 
SC,20200615,11556 ,1374 
SC,20200616,11561 ,1385 
SC,20200617,11566 ,1396 
SC,20200618,11569 ,1406 
SC,20200619,11572 ,1416 
SC,20200620,11575 ,1425 
SC,20200621,11577 ,1434 
SC,20200622,11579 ,1442 
SC,20200623,11580 ,1449 
SC,20200624,11582 ,1456 
SC,20200625,11583 ,1463 
SC,20200626,11584 ,1469 
SC,20200627,11585 ,1474 
SC,20200628,11586 ,1480 
SC,20200629,11587 ,1485 
SC,20200630,11587 ,1490 
SD,20200510,3277 ,35 
SD,20200511,3324 ,37 
SD,20200512,3367 ,38 
SD,20200513,3405 ,40 
SD,20200514,3440 ,42 
SD,20200515,3471 ,44 
SD,20200516,3498 ,46 
SD,20200517,3522 ,47 
SD,20200518,3543 ,49 
SD,20200519,3561 ,51 
SD,20200520,3578 ,52 
SD,20200521,3592 ,54 
SD,20200522,3605 ,55 
SD,20200523,3616 ,57 
SD,20200524,3625 ,58 
SD,20200525,3633 ,59 
SD,20200526,3640 ,61 
SD,20200527,3646 ,62 
SD,20200528,3652 ,63 
SD,20200529,3656 ,64 
SD,20200530,3660 ,65 
SD,20200531,3664 ,66 
SD,20200601,3666 ,67 
SD,20200602,3669 ,68 
SD,20200603,3671 ,69 
SD,20200604,3673 ,69 
SD,20200605,3675 ,70 
SD,20200606,3676 ,71 
SD,20200607,3677 ,71 
SD,20200608,3678 ,72 
SD,20200609,3679 ,73 
SD,20200610,3679 ,73 
SD,20200611,3680 ,74 
SD,20200612,3681 ,74 
SD,20200613,3681 ,75 
SD,20200614,3681 ,75 
SD,20200615,3682 ,75 
SD,20200616,3682 ,76 
SD,20200617,3682 ,76 
SD,20200618,3682 ,76 
SD,20200619,3682 ,77 
SD,20200620,3683 ,77 
SD,20200621,3683 ,77 
SD,20200622,3683 ,78 
SD,20200623,3683 ,78 
SD,20200624,3683 ,78 
SD,20200625,3683 ,78 
SD,20200626,3683 ,78 
SD,20200627,3683 ,79 
SD,20200628,3683 ,79 
SD,20200629,3683 ,79 
SD,20200630,3683 ,79 
TN,20200510,14596 ,258 
TN,20200511,14824 ,263 
TN,20200512,15044 ,268 
TN,20200513,15254 ,274 
TN,20200514,15455 ,277 
TN,20200515,15647 ,283 
TN,20200516,15830 ,287 
TN,20200517,16005 ,292 
TN,20200518,16171 ,296 
TN,20200519,16330 ,299 
TN,20200520,16480 ,305 
TN,20200521,16623 ,307 
TN,20200522,16758 ,311 
TN,20200523,16886 ,315 
TN,20200524,17007 ,317 
TN,20200525,17122 ,321 
TN,20200526,17230 ,323 
TN,20200527,17332 ,326 
TN,20200528,17428 ,329 
TN,20200529,17518 ,331 
TN,20200530,17603 ,334 
TN,20200531,17682 ,335 
TN,20200601,17757 ,338 
TN,20200602,17827 ,340 
TN,20200603,17893 ,341 
TN,20200604,17955 ,344 
TN,20200605,18012 ,344 
TN,20200606,18066 ,347 
TN,20200607,18116 ,348 
TN,20200608,18163 ,349 
TN,20200609,18206 ,351 
TN,20200610,18247 ,351 
TN,20200611,18285 ,353 
TN,20200612,18320 ,354 
TN,20200613,18352 ,354 
TN,20200614,18382 ,357 
TN,20200615,18411 ,356 
TN,20200616,18437 ,358 
TN,20200617,18461 ,358 
TN,20200618,18483 ,358 
TN,20200619,18504 ,360 
TN,20200620,18523 ,360 
TN,20200621,18540 ,361 
TN,20200622,18557 ,361 
TN,20200623,18572 ,361 
TN,20200624,18586 ,362 
TN,20200625,18598 ,362 
TN,20200626,18610 ,363 
TN,20200627,18621 ,363 
TN,20200628,18631 ,363 
TN,20200629,18640 ,364 
TN,20200630,18648 ,363 
TX,20200510,43244 ,1492 
TX,20200511,45165 ,1622 
TX,20200512,47040 ,1757 
TX,20200513,48858 ,1897 
TX,20200514,50610 ,2042 
TX,20200515,52296 ,2192 
TX,20200516,53914 ,2345 
TX,20200517,55460 ,2501 
TX,20200518,56932 ,2660 
TX,20200519,58327 ,2822 
TX,20200520,59645 ,2985 
TX,20200521,60886 ,3150 
TX,20200522,62052 ,3316 
TX,20200523,63142 ,3482 
TX,20200524,64157 ,3648 
TX,20200525,65097 ,3813 
TX,20200526,65966 ,3977 
TX,20200527,66768 ,4140 
TX,20200528,67508 ,4300 
TX,20200529,68194 ,4458 
TX,20200530,68826 ,4613 
TX,20200531,69402 ,4765 
TX,20200601,69926 ,4915 
TX,20200602,70399 ,5060 
TX,20200603,70826 ,5203 
TX,20200604,71214 ,5341 
TX,20200605,71569 ,5474 
TX,20200606,71890 ,5603 
TX,20200607,72179 ,5728 
TX,20200608,72437 ,5849 
TX,20200609,72666 ,5965 
TX,20200610,72871 ,6077 
TX,20200611,73054 ,6184 
TX,20200612,73219 ,6287 
TX,20200613,73368 ,6385 
TX,20200614,73500 ,6478 
TX,20200615,73615 ,6568 
TX,20200616,73717 ,6653 
TX,20200617,73805 ,6735 
TX,20200618,73883 ,6813 
TX,20200619,73953 ,6886 
TX,20200620,74017 ,6955 
TX,20200621,74073 ,7021 
TX,20200622,74123 ,7083 
TX,20200623,74165 ,7142 
TX,20200624,74201 ,7198 
TX,20200625,74231 ,7251 
TX,20200626,74257 ,7302 
TX,20200627,74280 ,7349 
TX,20200628,74302 ,7393 
TX,20200629,74322 ,7434 
TX,20200630,74339 ,7473 
UT,20200510,6125 ,66 
UT,20200511,6238 ,67 
UT,20200512,6348 ,70 
UT,20200513,6453 ,70 
UT,20200514,6553 ,73 
UT,20200515,6649 ,73 
UT,20200516,6740 ,75 
UT,20200517,6827 ,77 
UT,20200518,6910 ,78 
UT,20200519,6989 ,79 
UT,20200520,7064 ,81 
UT,20200521,7134 ,81 
UT,20200522,7201 ,83 
UT,20200523,7265 ,83 
UT,20200524,7324 ,84 
UT,20200525,7381 ,86 
UT,20200526,7434 ,86 
UT,20200527,7484 ,88 
UT,20200528,7530 ,87 
UT,20200529,7574 ,89 
UT,20200530,7615 ,90 
UT,20200531,7654 ,90 
UT,20200601,7690 ,91 
UT,20200602,7723 ,91 
UT,20200603,7755 ,92 
UT,20200604,7784 ,92 
UT,20200605,7811 ,92 
UT,20200606,7836 ,94 
UT,20200607,7860 ,94 
UT,20200608,7882 ,94 
UT,20200609,7902 ,95 
UT,20200610,7921 ,94 
UT,20200611,7938 ,96 
UT,20200612,7954 ,95 
UT,20200613,7969 ,96 
UT,20200614,7983 ,97 
UT,20200615,7995 ,96 
UT,20200616,8007 ,97 
UT,20200617,8018 ,96 
UT,20200618,8027 ,97 
UT,20200619,8037 ,97 
UT,20200620,8045 ,96 
UT,20200621,8052 ,98 
UT,20200622,8059 ,98 
UT,20200623,8066 ,97 
UT,20200624,8072 ,99 
UT,20200625,8077 ,97 
UT,20200626,8082 ,99 
UT,20200627,8087 ,97 
UT,20200628,8091 ,98 
UT,20200629,8094 ,99 
UT,20200630,8098 ,98 
VA,20200510,23563 ,871 
VA,20200511,24259 ,902 
VA,20200512,24945 ,935 
VA,20200513,25620 ,965 
VA,20200514,26283 ,998 
VA,20200515,26933 ,1029 
VA,20200516,27570 ,1059 
VA,20200517,28193 ,1090 
VA,20200518,28801 ,1119 
VA,20200519,29394 ,1149 
VA,20200520,29972 ,1178 
VA,20200521,30534 ,1205 
VA,20200522,31081 ,1234 
VA,20200523,31611 ,1260 
VA,20200524,32124 ,1287 
VA,20200525,32622 ,1313 
VA,20200526,33102 ,1337 
VA,20200527,33567 ,1363 
VA,20200528,34015 ,1385 
VA,20200529,34446 ,1408 
VA,20200530,34862 ,1431 
VA,20200531,35261 ,1452 
VA,20200601,35645 ,1473 
VA,20200602,36013 ,1493 
VA,20200603,36365 ,1512 
VA,20200604,36703 ,1532 
VA,20200605,37026 ,1548 
VA,20200606,37335 ,1567 
VA,20200607,37630 ,1583 
VA,20200608,37911 ,1599 
VA,20200609,38179 ,1615 
VA,20200610,38434 ,1629 
VA,20200611,38677 ,1643 
VA,20200612,38908 ,1657 
VA,20200613,39127 ,1669 
VA,20200614,39334 ,1682 
VA,20200615,39531 ,1693 
VA,20200616,39718 ,1704 
VA,20200617,39894 ,1715 
VA,20200618,40061 ,1724 
VA,20200619,40219 ,1735 
VA,20200620,40368 ,1742 
VA,20200621,40509 ,1752 
VA,20200622,40641 ,1760 
VA,20200623,40766 ,1767 
VA,20200624,40883 ,1775 
VA,20200625,40994 ,1781 
VA,20200626,41098 ,1788 
VA,20200627,41195 ,1794 
VA,20200628,41287 ,1800 
VA,20200629,41373 ,1806 
VA,20200630,41453 ,1810 
VI,20200510,65 ,4 
VI,20200511,65 ,4 
VI,20200512,65 ,4 
VI,20200513,65 ,4 
VI,20200514,65 ,4 
VI,20200515,65 ,4 
VI,20200516,65 ,4 
VI,20200517,65 ,4 
VI,20200518,65 ,4 
VI,20200519,65 ,4 
VI,20200520,65 ,4 
VI,20200521,65 ,4 
VI,20200522,65 ,4 
VI,20200523,65 ,4 
VI,20200524,65 ,4 
VI,20200525,65 ,4 
VI,20200526,65 ,4 
VI,20200527,65 ,4 
VI,20200528,65 ,4 
VI,20200529,65 ,4 
VI,20200530,65 ,4 
VI,20200531,65 ,4 
VI,20200601,65 ,4 
VI,20200602,65 ,4 
VI,20200603,65 ,4 
VI,20200604,65 ,4 
VI,20200605,65 ,4 
VI,20200606,65 ,4 
VI,20200607,65 ,4 
VI,20200608,65 ,4 
VI,20200609,65 ,4 
VI,20200610,65 ,4 
VI,20200611,65 ,4 
VI,20200612,65 ,4 
VI,20200613,65 ,4 
VI,20200614,65 ,4 
VI,20200615,65 ,4 
VI,20200616,65 ,4 
VI,20200617,65 ,4 
VI,20200618,65 ,4 
VI,20200619,65 ,4 
VI,20200620,65 ,4 
VI,20200621,65 ,4 
VI,20200622,65 ,4 
VI,20200623,65 ,4 
VI,20200624,65 ,4 
VI,20200625,65 ,4 
VI,20200626,65 ,4 
VI,20200627,65 ,4 
VI,20200628,65 ,4 
VI,20200629,65 ,4 
VI,20200630,65 ,4 
VT,20200510,906 ,54 
VT,20200511,906 ,54 
VT,20200512,906 ,54 
VT,20200513,907 ,54 
VT,20200514,907 ,54 
VT,20200515,907 ,55 
VT,20200516,907 ,55 
VT,20200517,907 ,55 
VT,20200518,907 ,55 
VT,20200519,907 ,55 
VT,20200520,907 ,55 
VT,20200521,908 ,55 
VT,20200522,908 ,55 
VT,20200523,908 ,55 
VT,20200524,908 ,55 
VT,20200525,908 ,55 
VT,20200526,908 ,55 
VT,20200527,908 ,55 
VT,20200528,908 ,56 
VT,20200529,908 ,56 
VT,20200530,908 ,56 
VT,20200531,908 ,56 
VT,20200601,908 ,56 
VT,20200602,908 ,56 
VT,20200603,908 ,56 
VT,20200604,908 ,56 
VT,20200605,908 ,56 
VT,20200606,908 ,56 
VT,20200607,908 ,56 
VT,20200608,908 ,56 
VT,20200609,908 ,56 
VT,20200610,908 ,56 
VT,20200611,908 ,56 
VT,20200612,908 ,56 
VT,20200613,908 ,56 
VT,20200614,908 ,56 
VT,20200615,908 ,56 
VT,20200616,908 ,56 
VT,20200617,908 ,56 
VT,20200618,908 ,56 
VT,20200619,908 ,56 
VT,20200620,908 ,56 
VT,20200621,908 ,56 
VT,20200622,908 ,56 
VT,20200623,908 ,56 
VT,20200624,908 ,56 
VT,20200625,908 ,56 
VT,20200626,908 ,56 
VT,20200627,908 ,56 
VT,20200628,908 ,56 
VT,20200629,908 ,56 
VT,20200630,908 ,56 
WA,20200510,15932 ,939 
WA,20200511,16010 ,954 
WA,20200512,16083 ,969 
WA,20200513,16151 ,984 
WA,20200514,16213 ,998 
WA,20200515,16271 ,1012 
WA,20200516,16324 ,1025 
WA,20200517,16373 ,1038 
WA,20200518,16420 ,1050 
WA,20200519,16464 ,1062 
WA,20200520,16506 ,1074 
WA,20200521,16544 ,1085 
WA,20200522,16579 ,1095 
WA,20200523,16609 ,1105 
WA,20200524,16637 ,1115 
WA,20200525,16663 ,1125 
WA,20200526,16688 ,1134 
WA,20200527,16711 ,1142 
WA,20200528,16733 ,1151 
WA,20200529,16753 ,1159 
WA,20200530,16770 ,1166 
WA,20200531,16785 ,1173 
WA,20200601,16798 ,1180 
WA,20200602,16812 ,1187 
WA,20200603,16824 ,1193 
WA,20200604,16836 ,1199 
WA,20200605,16847 ,1205 
WA,20200606,16856 ,1210 
WA,20200607,16863 ,1215 
WA,20200608,16870 ,1220 
WA,20200609,16877 ,1225 
WA,20200610,16883 ,1229 
WA,20200611,16890 ,1233 
WA,20200612,16895 ,1237 
WA,20200613,16901 ,1241 
WA,20200614,16904 ,1244 
WA,20200615,16907 ,1248 
WA,20200616,16910 ,1251 
WA,20200617,16913 ,1254 
WA,20200618,16916 ,1257 
WA,20200619,16919 ,1259 
WA,20200620,16922 ,1261 
WA,20200621,16925 ,1264 
WA,20200622,16927 ,1266 
WA,20200623,16928 ,1268 
WA,20200624,16928 ,1270 
WA,20200625,16929 ,1272 
WA,20200626,16930 ,1274 
WA,20200627,16931 ,1275 
WA,20200628,16934 ,1277 
WA,20200629,16936 ,1278 
WA,20200630,16937 ,1279 
WI,20200510,11198 ,555 
WI,20200511,11722 ,599 
WI,20200512,12243 ,645 
WI,20200513,12758 ,692 
WI,20200514,13267 ,742 
WI,20200515,13770 ,793 
WI,20200516,14265 ,845 
WI,20200517,14751 ,899 
WI,20200518,15227 ,955 
WI,20200519,15689 ,1012 
WI,20200520,16139 ,1070 
WI,20200521,16575 ,1129 
WI,20200522,16997 ,1188 
WI,20200523,17405 ,1249 
WI,20200524,17799 ,1310 
WI,20200525,18177 ,1371 
WI,20200526,18538 ,1433 
WI,20200527,18883 ,1496 
WI,20200528,19212 ,1558 
WI,20200529,19524 ,1620 
WI,20200530,19822 ,1682 
WI,20200531,20104 ,1744 
WI,20200601,20371 ,1805 
WI,20200602,20624 ,1865 
WI,20200603,20861 ,1925 
WI,20200604,21083 ,1984 
WI,20200605,21291 ,2043 
WI,20200606,21485 ,2101 
WI,20200607,21667 ,2157 
WI,20200608,21838 ,2212 
WI,20200609,21997 ,2266 
WI,20200610,22145 ,2318 
WI,20200611,22283 ,2369 
WI,20200612,22411 ,2419 
WI,20200613,22527 ,2468 
WI,20200614,22634 ,2516 
WI,20200615,22733 ,2562 
WI,20200616,22824 ,2606 
WI,20200617,22909 ,2649 
WI,20200618,22987 ,2690 
WI,20200619,23058 ,2730 
WI,20200620,23123 ,2768 
WI,20200621,23181 ,2805 
WI,20200622,23235 ,2841 
WI,20200623,23284 ,2875 
WI,20200624,23328 ,2908 
WI,20200625,23369 ,2939 
WI,20200626,23407 ,2969 
WI,20200627,23440 ,2997 
WI,20200628,23470 ,3025 
WI,20200629,23497 ,3051 
WI,20200630,23522 ,3076 
WV,20200510,1325 ,54 
WV,20200511,1336 ,55 
WV,20200512,1345 ,56 
WV,20200513,1354 ,57 
WV,20200514,1362 ,57 
WV,20200515,1369 ,58 
WV,20200516,1376 ,59 
WV,20200517,1381 ,60 
WV,20200518,1387 ,59 
WV,20200519,1391 ,60 
WV,20200520,1396 ,61 
WV,20200521,1399 ,61 
WV,20200522,1403 ,61 
WV,20200523,1406 ,62 
WV,20200524,1409 ,62 
WV,20200525,1411 ,62 
WV,20200526,1413 ,62 
WV,20200527,1415 ,63 
WV,20200528,1417 ,63 
WV,20200529,1418 ,63 
WV,20200530,1420 ,63 
WV,20200531,1421 ,63 
WV,20200601,1422 ,64 
WV,20200602,1423 ,64 
WV,20200603,1423 ,64 
WV,20200604,1424 ,64 
WV,20200605,1425 ,64 
WV,20200606,1425 ,64 
WV,20200607,1426 ,64 
WV,20200608,1426 ,64 
WV,20200609,1427 ,64 
WV,20200610,1427 ,64 
WV,20200611,1427 ,64 
WV,20200612,1428 ,64 
WV,20200613,1428 ,64 
WV,20200614,1428 ,64 
WV,20200615,1428 ,64 
WV,20200616,1428 ,64 
WV,20200617,1428 ,64 
WV,20200618,1428 ,64 
WV,20200619,1429 ,64 
WV,20200620,1429 ,64 
WV,20200621,1429 ,65 
WV,20200622,1429 ,64 
WV,20200623,1429 ,64 
WV,20200624,1429 ,64 
WV,20200625,1429 ,64 
WV,20200626,1429 ,65 
WV,20200627,1429 ,64 
WV,20200628,1429 ,64 
WV,20200629,1429 ,65 
WV,20200630,1429 ,64 
WY,20200510,746 ,10 
WY,20200511,783 ,11 
WY,20200512,820 ,12 
WY,20200513,857 ,12 
WY,20200514,896 ,13 
WY,20200515,934 ,14 
WY,20200516,973 ,15 
WY,20200517,1012 ,16 
WY,20200518,1051 ,17 
WY,20200519,1089 ,18 
WY,20200520,1128 ,19 
WY,20200521,1167 ,20 
WY,20200522,1206 ,21 
WY,20200523,1245 ,22 
WY,20200524,1283 ,23 
WY,20200525,1320 ,24 
WY,20200526,1357 ,26 
WY,20200527,1394 ,27 
WY,20200528,1430 ,28 
WY,20200529,1466 ,29 
WY,20200530,1501 ,30 
WY,20200531,1535 ,32 
WY,20200601,1569 ,33 
WY,20200602,1601 ,34 
WY,20200603,1634 ,35 
WY,20200604,1665 ,37 
WY,20200605,1695 ,38 
WY,20200606,1725 ,39 
WY,20200607,1753 ,40 
WY,20200608,1781 ,42 
WY,20200609,1808 ,43 
WY,20200610,1834 ,44 
WY,20200611,1859 ,45 
WY,20200612,1884 ,47 
WY,20200613,1907 ,48 
WY,20200614,1929 ,49 
WY,20200615,1951 ,50 
WY,20200616,1971 ,52 
WY,20200617,1991 ,53 
WY,20200618,2010 ,54 
WY,20200619,2029 ,55 
WY,20200620,2046 ,56 
WY,20200621,2062 ,57 
WY,20200622,2078 ,58 
WY,20200623,2093 ,59 
WY,20200624,2107 ,61 
WY,20200625,2121 ,62 
WY,20200626,2134 ,63 
WY,20200627,2146 ,64 
WY,20200628,2157 ,64 
WY,20200629,2168 ,65 
WY,20200630,2178 ,66 
