date,states_name,ConfirmedCases,Fatalities
20200704,AK,984,15
20200705,AK,993,15
20200706,AK,1002,16
20200707,AK,1011,16
20200708,AK,1019,16
20200709,AK,1027,16
20200710,AK,1035,17
20200711,AK,1043,17
20200712,AK,1050,17
20200713,AK,1057,17
20200714,AK,1064,18
20200715,AK,1071,18
20200716,AK,1077,18
20200717,AK,1084,18
20200718,AK,1090,19
20200719,AK,1096,19
20200720,AK,1101,19
20200721,AK,1107,19
20200722,AK,1112,19
20200723,AK,1117,20
20200724,AK,1122,20
20200725,AK,1127,20
20200726,AK,1131,20
20200727,AK,1136,20
20200728,AK,1140,20
20200729,AK,1144,21
20200730,AK,1148,21
20200731,AK,1152,21
20200801,AK,1156,21
20200802,AK,1159,21
20200803,AK,1162,21
20200804,AK,1165,22
20200805,AK,1168,22
20200806,AK,1171,22
20200807,AK,1174,22
20200808,AK,1177,22
20200809,AK,1179,22
20200810,AK,1181,22
20200811,AK,1184,22
20200812,AK,1186,23
20200813,AK,1188,23
20200814,AK,1190,23
20200815,AK,1192,23
20200816,AK,1194,23
20200817,AK,1195,23
20200818,AK,1197,23
20200819,AK,1199,23
20200820,AK,1200,23
20200821,AK,1202,23
20200822,AK,1203,23
20200823,AK,1204,24
20200824,AK,1205,24
20200825,AK,1207,24
20200826,AK,1208,24
20200827,AK,1209,24
20200828,AK,1210,24
20200829,AK,1211,24
20200830,AK,1212,24
20200704,AS,0,0
20200705,AS,0,0
20200706,AS,0,0
20200707,AS,0,0
20200708,AS,0,0
20200709,AS,0,0
20200710,AS,0,0
20200711,AS,0,0
20200712,AS,0,0
20200713,AS,0,0
20200714,AS,0,0
20200715,AS,0,0
20200716,AS,0,0
20200717,AS,0,0
20200718,AS,0,0
20200719,AS,0,0
20200720,AS,0,0
20200721,AS,0,0
20200722,AS,0,0
20200723,AS,0,0
20200724,AS,0,0
20200725,AS,0,0
20200726,AS,0,0
20200727,AS,0,0
20200728,AS,0,0
20200729,AS,0,0
20200730,AS,0,0
20200731,AS,0,0
20200801,AS,0,0
20200802,AS,0,0
20200803,AS,0,0
20200804,AS,0,0
20200805,AS,0,0
20200806,AS,0,0
20200807,AS,0,0
20200808,AS,0,0
20200809,AS,0,0
20200810,AS,0,0
20200811,AS,0,0
20200812,AS,0,0
20200813,AS,0,0
20200814,AS,0,0
20200815,AS,0,0
20200816,AS,0,0
20200817,AS,0,0
20200818,AS,0,0
20200819,AS,0,0
20200820,AS,0,0
20200821,AS,0,0
20200822,AS,0,0
20200823,AS,0,0
20200824,AS,0,0
20200825,AS,0,0
20200826,AS,0,0
20200827,AS,0,0
20200828,AS,0,0
20200829,AS,0,0
20200830,AS,0,0
20200704,AL,40505,1047
20200705,AL,41095,1065
20200706,AL,41674,1083
20200707,AL,42241,1101
20200708,AL,42796,1118
20200709,AL,43339,1135
20200710,AL,43869,1152
20200711,AL,44388,1168
20200712,AL,44894,1184
20200713,AL,45387,1200
20200714,AL,45868,1216
20200715,AL,46336,1230
20200716,AL,46792,1245
20200717,AL,47236,1260
20200718,AL,47667,1274
20200719,AL,48085,1288
20200720,AL,48491,1301
20200721,AL,48886,1314
20200722,AL,49268,1327
20200723,AL,49638,1339
20200724,AL,49996,1351
20200725,AL,50343,1362
20200726,AL,50678,1374
20200727,AL,51002,1385
20200728,AL,51315,1395
20200729,AL,51617,1406
20200730,AL,51908,1415
20200731,AL,52189,1425
20200801,AL,52459,1434
20200802,AL,52719,1443
20200803,AL,52970,1452
20200804,AL,53211,1460
20200805,AL,53443,1468
20200806,AL,53665,1476
20200807,AL,53879,1484
20200808,AL,54084,1491
20200809,AL,54281,1498
20200810,AL,54469,1505
20200811,AL,54650,1511
20200812,AL,54823,1517
20200813,AL,54988,1523
20200814,AL,55146,1529
20200815,AL,55298,1534
20200816,AL,55442,1540
20200817,AL,55581,1544
20200818,AL,55712,1549
20200819,AL,55838,1554
20200820,AL,55958,1558
20200821,AL,56072,1563
20200822,AL,56181,1566
20200823,AL,56285,1570
20200824,AL,56384,1574
20200825,AL,56478,1577
20200826,AL,56567,1581
20200827,AL,56652,1584
20200828,AL,56733,1587
20200829,AL,56809,1590
20200830,AL,56882,1593
20200704,AR,22413,298
20200705,AR,22866,305
20200706,AR,23317,312
20200707,AR,23765,319
20200708,AR,24210,325
20200709,AR,24651,332
20200710,AR,25088,339
20200711,AR,25520,346
20200712,AR,25949,352
20200713,AR,26372,359
20200714,AR,26791,366
20200715,AR,27204,372
20200716,AR,27612,379
20200717,AR,28014,385
20200718,AR,28411,391
20200719,AR,28801,398
20200720,AR,29186,404
20200721,AR,29564,410
20200722,AR,29935,416
20200723,AR,30301,422
20200724,AR,30659,428
20200725,AR,31011,433
20200726,AR,31356,439
20200727,AR,31694,445
20200728,AR,32025,450
20200729,AR,32349,456
20200730,AR,32667,461
20200731,AR,32977,466
20200801,AR,33280,471
20200802,AR,33576,476
20200803,AR,33864,481
20200804,AR,34146,486
20200805,AR,34421,490
20200806,AR,34689,495
20200807,AR,34950,499
20200808,AR,35204,504
20200809,AR,35451,508
20200810,AR,35691,512
20200811,AR,35924,516
20200812,AR,36151,520
20200813,AR,36372,524
20200814,AR,36585,528
20200815,AR,36793,531
20200816,AR,36994,535
20200817,AR,37189,538
20200818,AR,37378,542
20200819,AR,37561,545
20200820,AR,37738,548
20200821,AR,37909,551
20200822,AR,38074,554
20200823,AR,38234,557
20200824,AR,38389,560
20200825,AR,38538,562
20200826,AR,38682,565
20200827,AR,38821,568
20200828,AR,38955,570
20200829,AR,39084,572
20200830,AR,39209,575
20200704,AZ,85573,1911
20200705,AZ,87435,1967
20200706,AZ,89292,2023
20200707,AZ,91143,2079
20200708,AZ,92986,2135
20200709,AZ,94820,2192
20200710,AZ,96645,2249
20200711,AZ,98458,2307
20200712,AZ,100258,2364
20200713,AZ,102046,2422
20200714,AZ,103819,2480
20200715,AZ,105576,2538
20200716,AZ,107318,2596
20200717,AZ,109042,2654
20200718,AZ,110747,2712
20200719,AZ,112434,2770
20200720,AZ,114101,2828
20200721,AZ,115747,2885
20200722,AZ,117372,2943
20200723,AZ,118974,3000
20200724,AZ,120555,3057
20200725,AZ,122111,3114
20200726,AZ,123644,3170
20200727,AZ,125153,3226
20200728,AZ,126637,3282
20200729,AZ,128096,3337
20200730,AZ,129529,3392
20200731,AZ,130937,3446
20200801,AZ,132318,3500
20200802,AZ,133672,3554
20200803,AZ,135000,3606
20200804,AZ,136302,3659
20200805,AZ,137576,3711
20200806,AZ,138823,3762
20200807,AZ,140043,3812
20200808,AZ,141236,3862
20200809,AZ,142401,3911
20200810,AZ,143540,3960
20200811,AZ,144651,4007
20200812,AZ,145736,4054
20200813,AZ,146794,4101
20200814,AZ,147825,4146
20200815,AZ,148829,4191
20200816,AZ,149807,4235
20200817,AZ,150759,4279
20200818,AZ,151685,4321
20200819,AZ,152586,4363
20200820,AZ,153462,4404
20200821,AZ,154312,4444
20200822,AZ,155138,4484
20200823,AZ,155939,4522
20200824,AZ,156717,4560
20200825,AZ,157471,4597
20200826,AZ,158202,4633
20200827,AZ,158910,4669
20200828,AZ,159596,4703
20200829,AZ,160260,4737
20200830,AZ,160902,4770
20200704,CA,239089,6604
20200705,CA,242722,6715
20200706,CA,246314,6833
20200707,CA,249861,6944
20200708,CA,253364,7059
20200709,CA,256820,7168
20200710,CA,260228,7281
20200711,CA,263586,7386
20200712,CA,266894,7499
20200713,CA,270150,7598
20200714,CA,273354,7710
20200715,CA,276504,7807
20200716,CA,279600,7914
20200717,CA,282641,8012
20200718,CA,285627,8113
20200719,CA,288555,8210
20200720,CA,291428,8307
20200721,CA,294243,8400
20200722,CA,297000,8495
20200723,CA,299700,8581
20200724,CA,302342,8676
20200725,CA,304926,8757
20200726,CA,307452,8848
20200727,CA,309920,8929
20200728,CA,312330,9014
20200729,CA,314683,9094
20200730,CA,316978,9173
20200731,CA,319216,9251
20200801,CA,321398,9327
20200802,CA,323522,9399
20200803,CA,325592,9474
20200804,CA,327605,9539
20200805,CA,329564,9612
20200806,CA,331469,9676
20200807,CA,333320,9743
20200808,CA,335118,9806
20200809,CA,336864,9868
20200810,CA,338558,9929
20200811,CA,340202,9986
20200812,CA,341796,10045
20200813,CA,343341,10100
20200814,CA,344837,10151
20200815,CA,346286,10206
20200816,CA,347689,10253
20200817,CA,349046,10304
20200818,CA,350359,10352
20200819,CA,351627,10398
20200820,CA,352853,10444
20200821,CA,354037,10485
20200822,CA,355180,10530
20200823,CA,356284,10568
20200824,CA,357348,10608
20200825,CA,358374,10645
20200826,CA,359363,10683
20200827,CA,360316,10717
20200828,CA,361234,10754
20200829,CA,362117,10784
20200830,CA,362967,10817
20200704,CO,32468,1556
20200705,CO,32486,1565
20200706,CO,32502,1574
20200707,CO,32517,1583
20200708,CO,32530,1591
20200709,CO,32541,1598
20200710,CO,32550,1605
20200711,CO,32558,1612
20200712,CO,32565,1619
20200713,CO,32572,1625
20200714,CO,32579,1630
20200715,CO,32585,1635
20200716,CO,32590,1640
20200717,CO,32594,1645
20200718,CO,32597,1650
20200719,CO,32600,1654
20200720,CO,32603,1658
20200721,CO,32606,1662
20200722,CO,32609,1665
20200723,CO,32611,1668
20200724,CO,32613,1671
20200725,CO,32614,1674
20200726,CO,32615,1677
20200727,CO,32616,1679
20200728,CO,32617,1682
20200729,CO,32618,1684
20200730,CO,32619,1686
20200731,CO,32620,1688
20200801,CO,32621,1690
20200802,CO,32621,1691
20200803,CO,32621,1693
20200804,CO,32622,1695
20200805,CO,32622,1696
20200806,CO,32622,1697
20200807,CO,32623,1698
20200808,CO,32623,1700
20200809,CO,32624,1701
20200810,CO,32624,1702
20200811,CO,32624,1703
20200812,CO,32624,1703
20200813,CO,32623,1704
20200814,CO,32623,1705
20200815,CO,32623,1706
20200816,CO,32624,1706
20200817,CO,32624,1707
20200818,CO,32625,1707
20200819,CO,32625,1708
20200820,CO,32625,1709
20200821,CO,32624,1709
20200822,CO,32624,1710
20200823,CO,32624,1710
20200824,CO,32624,1711
20200825,CO,32624,1711
20200826,CO,32624,1711
20200827,CO,32624,1711
20200828,CO,32624,1712
20200829,CO,32624,1712
20200830,CO,32624,1712
20200704,CT,46113,4388
20200705,CT,46115,4399
20200706,CT,46116,4410
20200707,CT,46117,4419
20200708,CT,46117,4428
20200709,CT,46118,4437
20200710,CT,46118,4444
20200711,CT,46119,4451
20200712,CT,46119,4458
20200713,CT,46120,4464
20200714,CT,46120,4469
20200715,CT,46120,4475
20200716,CT,46121,4480
20200717,CT,46121,4485
20200718,CT,46121,4489
20200719,CT,46121,4493
20200720,CT,46121,4496
20200721,CT,46121,4500
20200722,CT,46121,4503
20200723,CT,46121,4506
20200724,CT,46121,4508
20200725,CT,46121,4511
20200726,CT,46121,4514
20200727,CT,46121,4516
20200728,CT,46121,4518
20200729,CT,46121,4520
20200730,CT,46122,4521
20200731,CT,46122,4523
20200801,CT,46122,4524
20200802,CT,46122,4526
20200803,CT,46122,4527
20200804,CT,46122,4528
20200805,CT,46122,4530
20200806,CT,46122,4531
20200807,CT,46122,4532
20200808,CT,46122,4532
20200809,CT,46122,4533
20200810,CT,46122,4534
20200811,CT,46122,4535
20200812,CT,46122,4535
20200813,CT,46122,4536
20200814,CT,46122,4537
20200815,CT,46122,4537
20200816,CT,46122,4538
20200817,CT,46122,4538
20200818,CT,46122,4538
20200819,CT,46122,4539
20200820,CT,46122,4539
20200821,CT,46122,4539
20200822,CT,46122,4540
20200823,CT,46122,4540
20200824,CT,46122,4541
20200825,CT,46122,4541
20200826,CT,46122,4541
20200827,CT,46122,4541
20200828,CT,46122,4541
20200829,CT,46122,4542
20200830,CT,46122,4542
20200704,DC,10289,559
20200705,DC,10289,561
20200706,DC,10289,562
20200707,DC,10289,563
20200708,DC,10289,564
20200709,DC,10290,565
20200710,DC,10290,566
20200711,DC,10290,567
20200712,DC,10290,568
20200713,DC,10290,569
20200714,DC,10290,570
20200715,DC,10290,570
20200716,DC,10290,571
20200717,DC,10290,572
20200718,DC,10290,572
20200719,DC,10290,573
20200720,DC,10290,573
20200721,DC,10290,574
20200722,DC,10290,574
20200723,DC,10290,575
20200724,DC,10290,575
20200725,DC,10290,575
20200726,DC,10290,576
20200727,DC,10290,576
20200728,DC,10290,576
20200729,DC,10290,576
20200730,DC,10290,577
20200731,DC,10290,577
20200801,DC,10290,577
20200802,DC,10290,577
20200803,DC,10290,577
20200804,DC,10290,578
20200805,DC,10290,578
20200806,DC,10290,578
20200807,DC,10290,578
20200808,DC,10290,578
20200809,DC,10290,578
20200810,DC,10290,578
20200811,DC,10290,579
20200812,DC,10290,579
20200813,DC,10290,579
20200814,DC,10290,579
20200815,DC,10290,579
20200816,DC,10290,579
20200817,DC,10290,579
20200818,DC,10290,579
20200819,DC,10290,579
20200820,DC,10290,579
20200821,DC,10290,579
20200822,DC,10290,579
20200823,DC,10290,579
20200824,DC,10290,579
20200825,DC,10290,579
20200826,DC,10290,579
20200827,DC,10290,579
20200828,DC,10290,579
20200829,DC,10290,579
20200830,DC,10290,580
20200704,DE,11425,521
20200705,DE,11426,523
20200706,DE,11426,524
20200707,DE,11426,526
20200708,DE,11427,527
20200709,DE,11427,528
20200710,DE,11427,529
20200711,DE,11427,531
20200712,DE,11427,532
20200713,DE,11427,532
20200714,DE,11428,533
20200715,DE,11428,534
20200716,DE,11428,535
20200717,DE,11428,536
20200718,DE,11428,536
20200719,DE,11428,537
20200720,DE,11428,537
20200721,DE,11428,538
20200722,DE,11428,538
20200723,DE,11428,539
20200724,DE,11428,539
20200725,DE,11428,540
20200726,DE,11428,540
20200727,DE,11428,541
20200728,DE,11428,541
20200729,DE,11428,541
20200730,DE,11428,541
20200731,DE,11428,542
20200801,DE,11428,542
20200802,DE,11428,542
20200803,DE,11428,542
20200804,DE,11428,543
20200805,DE,11428,543
20200806,DE,11428,543
20200807,DE,11428,543
20200808,DE,11428,543
20200809,DE,11428,543
20200810,DE,11428,543
20200811,DE,11428,544
20200812,DE,11428,544
20200813,DE,11428,544
20200814,DE,11428,544
20200815,DE,11428,544
20200816,DE,11428,544
20200817,DE,11428,544
20200818,DE,11428,544
20200819,DE,11428,544
20200820,DE,11428,544
20200821,DE,11428,544
20200822,DE,11428,544
20200823,DE,11428,544
20200824,DE,11428,545
20200825,DE,11428,545
20200826,DE,11428,545
20200827,DE,11428,545
20200828,DE,11428,545
20200829,DE,11428,545
20200830,DE,11428,545
20200704,FL,166224,4195
20200705,FL,170332,4308
20200706,FL,174448,4427
20200707,FL,178567,4546
20200708,FL,182687,4662
20200709,FL,186805,4779
20200710,FL,190918,4894
20200711,FL,195025,5021
20200712,FL,199121,5133
20200713,FL,203204,5260
20200714,FL,207272,5373
20200715,FL,211321,5499
20200716,FL,215350,5608
20200717,FL,219356,5731
20200718,FL,223337,5852
20200719,FL,227290,5964
20200720,FL,231213,6090
20200721,FL,235104,6197
20200722,FL,238960,6326
20200723,FL,242781,6425
20200724,FL,246563,6557
20200725,FL,250305,6655
20200726,FL,254005,6776
20200727,FL,257661,6889
20200728,FL,261273,6995
20200729,FL,264837,7113
20200730,FL,268354,7215
20200731,FL,271822,7331
20200801,FL,275238,7428
20200802,FL,278603,7545
20200803,FL,281916,7634
20200804,FL,285174,7745
20200805,FL,288378,7844
20200806,FL,291526,7939
20200807,FL,294618,8046
20200808,FL,297654,8137
20200809,FL,300632,8238
20200810,FL,303553,8328
20200811,FL,306415,8425
20200812,FL,309219,8506
20200813,FL,311964,8598
20200814,FL,314651,8689
20200815,FL,317279,8769
20200816,FL,319848,8861
20200817,FL,322358,8935
20200818,FL,324810,9027
20200819,FL,327203,9089
20200820,FL,329538,9176
20200821,FL,331816,9250
20200822,FL,334036,9321
20200823,FL,336198,9401
20200824,FL,338305,9461
20200825,FL,340355,9544
20200826,FL,342350,9591
20200827,FL,344290,9671
20200828,FL,346176,9728
20200829,FL,348008,9792
20200830,FL,349787,9854
20200704,GA,84258,3107
20200705,GA,84893,3163
20200706,GA,85500,3217
20200707,GA,86081,3270
20200708,GA,86640,3322
20200709,GA,87176,3373
20200710,GA,87690,3423
20200711,GA,88178,3472
20200712,GA,88639,3520
20200713,GA,89074,3566
20200714,GA,89490,3612
20200715,GA,89886,3656
20200716,GA,90265,3699
20200717,GA,90626,3741
20200718,GA,90967,3782
20200719,GA,91285,3822
20200720,GA,91587,3861
20200721,GA,91872,3898
20200722,GA,92144,3934
20200723,GA,92401,3969
20200724,GA,92643,4003
20200725,GA,92870,4036
20200726,GA,93083,4068
20200727,GA,93283,4099
20200728,GA,93473,4129
20200729,GA,93651,4157
20200730,GA,93819,4185
20200731,GA,93977,4211
20200801,GA,94124,4237
20200802,GA,94260,4262
20200803,GA,94388,4285
20200804,GA,94508,4308
20200805,GA,94621,4330
20200806,GA,94728,4351
20200807,GA,94828,4371
20200808,GA,94921,4390
20200809,GA,95006,4409
20200810,GA,95083,4427
20200811,GA,95155,4444
20200812,GA,95223,4460
20200813,GA,95289,4475
20200814,GA,95351,4490
20200815,GA,95410,4504
20200816,GA,95464,4518
20200817,GA,95511,4530
20200818,GA,95553,4543
20200819,GA,95592,4555
20200820,GA,95629,4566
20200821,GA,95665,4577
20200822,GA,95700,4587
20200823,GA,95731,4596
20200824,GA,95758,4605
20200825,GA,95782,4614
20200826,GA,95805,4622
20200827,GA,95827,4630
20200828,GA,95848,4638
20200829,GA,95867,4645
20200830,GA,95885,4651
20200704,GU,300,0
20200705,GU,309,0
20200706,GU,318,0
20200707,GU,327,0
20200708,GU,336,0
20200709,GU,346,0
20200710,GU,357,0
20200711,GU,367,0
20200712,GU,378,0
20200713,GU,389,0
20200714,GU,400,0
20200715,GU,412,0
20200716,GU,424,0
20200717,GU,436,0
20200718,GU,449,0
20200719,GU,462,0
20200720,GU,475,0
20200721,GU,489,0
20200722,GU,503,0
20200723,GU,518,0
20200724,GU,533,0
20200725,GU,548,0
20200726,GU,564,0
20200727,GU,580,0
20200728,GU,597,0
20200729,GU,614,0
20200730,GU,632,0
20200731,GU,650,0
20200801,GU,669,0
20200802,GU,688,0
20200803,GU,708,0
20200804,GU,728,0
20200805,GU,749,0
20200806,GU,770,0
20200807,GU,792,0
20200808,GU,815,0
20200809,GU,838,0
20200810,GU,862,0
20200811,GU,887,0
20200812,GU,912,0
20200813,GU,938,0
20200814,GU,964,0
20200815,GU,992,0
20200816,GU,1020,0
20200817,GU,1049,0
20200818,GU,1078,0
20200819,GU,1109,0
20200820,GU,1140,0
20200821,GU,1172,0
20200822,GU,1206,0
20200823,GU,1239,0
20200824,GU,1274,0
20200825,GU,1310,0
20200826,GU,1347,0
20200827,GU,1385,0
20200828,GU,1424,0
20200829,GU,1464,0
20200830,GU,1505,0
20200704,HI,925,19
20200705,HI,930,19
20200706,HI,936,19
20200707,HI,942,19
20200708,HI,947,19
20200709,HI,952,19
20200710,HI,957,19
20200711,HI,962,20
20200712,HI,966,20
20200713,HI,971,20
20200714,HI,975,20
20200715,HI,979,20
20200716,HI,983,20
20200717,HI,987,20
20200718,HI,990,20
20200719,HI,994,20
20200720,HI,997,21
20200721,HI,1000,21
20200722,HI,1003,21
20200723,HI,1006,21
20200724,HI,1009,21
20200725,HI,1012,21
20200726,HI,1014,21
20200727,HI,1017,21
20200728,HI,1019,21
20200729,HI,1021,21
20200730,HI,1023,21
20200731,HI,1025,21
20200801,HI,1027,21
20200802,HI,1029,21
20200803,HI,1031,21
20200804,HI,1033,22
20200805,HI,1034,21
20200806,HI,1036,22
20200807,HI,1037,22
20200808,HI,1038,22
20200809,HI,1040,22
20200810,HI,1041,22
20200811,HI,1042,22
20200812,HI,1043,22
20200813,HI,1044,22
20200814,HI,1045,22
20200815,HI,1046,22
20200816,HI,1047,22
20200817,HI,1048,22
20200818,HI,1049,22
20200819,HI,1050,22
20200820,HI,1050,22
20200821,HI,1051,22
20200822,HI,1052,22
20200823,HI,1052,22
20200824,HI,1053,22
20200825,HI,1053,22
20200826,HI,1054,22
20200827,HI,1054,22
20200828,HI,1055,22
20200829,HI,1055,22
20200830,HI,1056,22
20200704,IA,28792,730
20200705,IA,28796,733
20200706,IA,28799,736
20200707,IA,28802,738
20200708,IA,28804,741
20200709,IA,28806,743
20200710,IA,28808,745
20200711,IA,28810,747
20200712,IA,28811,749
20200713,IA,28813,751
20200714,IA,28814,752
20200715,IA,28815,754
20200716,IA,28815,755
20200717,IA,28816,757
20200718,IA,28816,758
20200719,IA,28817,759
20200720,IA,28817,760
20200721,IA,28818,761
20200722,IA,28818,762
20200723,IA,28819,763
20200724,IA,28819,764
20200725,IA,28819,764
20200726,IA,28819,765
20200727,IA,28819,766
20200728,IA,28819,766
20200729,IA,28819,767
20200730,IA,28820,767
20200731,IA,28820,768
20200801,IA,28820,768
20200802,IA,28820,769
20200803,IA,28820,769
20200804,IA,28820,769
20200805,IA,28820,770
20200806,IA,28820,770
20200807,IA,28820,770
20200808,IA,28820,771
20200809,IA,28820,771
20200810,IA,28820,771
20200811,IA,28820,771
20200812,IA,28820,772
20200813,IA,28820,772
20200814,IA,28820,772
20200815,IA,28820,772
20200816,IA,28820,772
20200817,IA,28820,772
20200818,IA,28820,773
20200819,IA,28820,773
20200820,IA,28820,773
20200821,IA,28820,773
20200822,IA,28820,773
20200823,IA,28820,773
20200824,IA,28820,773
20200825,IA,28820,773
20200826,IA,28820,773
20200827,IA,28820,773
20200828,IA,28820,774
20200829,IA,28820,774
20200830,IA,28820,774
20200704,ID,6021,104
20200705,ID,6106,106
20200706,ID,6191,109
20200707,ID,6274,111
20200708,ID,6357,114
20200709,ID,6437,116
20200710,ID,6515,118
20200711,ID,6592,121
20200712,ID,6668,123
20200713,ID,6742,126
20200714,ID,6815,128
20200715,ID,6886,130
20200716,ID,6956,132
20200717,ID,7023,135
20200718,ID,7089,137
20200719,ID,7154,139
20200720,ID,7217,141
20200721,ID,7279,144
20200722,ID,7339,146
20200723,ID,7397,148
20200724,ID,7453,150
20200725,ID,7508,152
20200726,ID,7561,154
20200727,ID,7614,156
20200728,ID,7665,158
20200729,ID,7714,160
20200730,ID,7761,162
20200731,ID,7807,164
20200801,ID,7851,166
20200802,ID,7894,168
20200803,ID,7937,169
20200804,ID,7978,171
20200805,ID,8017,173
20200806,ID,8055,174
20200807,ID,8090,176
20200808,ID,8125,178
20200809,ID,8159,179
20200810,ID,8193,181
20200811,ID,8225,182
20200812,ID,8255,184
20200813,ID,8284,185
20200814,ID,8312,187
20200815,ID,8339,188
20200816,ID,8365,189
20200817,ID,8391,191
20200818,ID,8415,192
20200819,ID,8438,193
20200820,ID,8460,194
20200821,ID,8481,196
20200822,ID,8501,197
20200823,ID,8521,198
20200824,ID,8540,199
20200825,ID,8558,200
20200826,ID,8575,201
20200827,ID,8591,202
20200828,ID,8607,203
20200829,ID,8622,204
20200830,ID,8637,205
20200704,IL,143617,7246
20200705,IL,143623,7267
20200706,IL,143628,7286
20200707,IL,143632,7304
20200708,IL,143635,7321
20200709,IL,143639,7336
20200710,IL,143642,7351
20200711,IL,143645,7364
20200712,IL,143647,7377
20200713,IL,143649,7388
20200714,IL,143650,7400
20200715,IL,143651,7410
20200716,IL,143652,7420
20200717,IL,143653,7429
20200718,IL,143653,7437
20200719,IL,143654,7445
20200720,IL,143655,7452
20200721,IL,143656,7458
20200722,IL,143656,7465
20200723,IL,143657,7471
20200724,IL,143657,7476
20200725,IL,143657,7481
20200726,IL,143657,7486
20200727,IL,143657,7491
20200728,IL,143657,7495
20200729,IL,143658,7498
20200730,IL,143658,7502
20200731,IL,143658,7505
20200801,IL,143658,7508
20200802,IL,143658,7511
20200803,IL,143658,7514
20200804,IL,143658,7517
20200805,IL,143658,7519
20200806,IL,143658,7521
20200807,IL,143658,7523
20200808,IL,143659,7524
20200809,IL,143659,7526
20200810,IL,143659,7528
20200811,IL,143659,7529
20200812,IL,143658,7531
20200813,IL,143658,7532
20200814,IL,143658,7534
20200815,IL,143658,7535
20200816,IL,143659,7536
20200817,IL,143659,7536
20200818,IL,143659,7537
20200819,IL,143659,7538
20200820,IL,143659,7539
20200821,IL,143659,7540
20200822,IL,143658,7541
20200823,IL,143658,7541
20200824,IL,143658,7542
20200825,IL,143658,7542
20200826,IL,143659,7543
20200827,IL,143659,7543
20200828,IL,143659,7544
20200829,IL,143659,7544
20200830,IL,143659,7545
20200704,IN,45610,2803
20200705,IN,45708,2835
20200706,IN,45798,2865
20200707,IN,45881,2894
20200708,IN,45958,2922
20200709,IN,46029,2949
20200710,IN,46094,2975
20200711,IN,46154,2999
20200712,IN,46208,3023
20200713,IN,46257,3046
20200714,IN,46301,3068
20200715,IN,46342,3088
20200716,IN,46380,3108
20200717,IN,46414,3127
20200718,IN,46446,3145
20200719,IN,46474,3162
20200720,IN,46499,3179
20200721,IN,46522,3195
20200722,IN,46542,3210
20200723,IN,46561,3224
20200724,IN,46579,3237
20200725,IN,46595,3250
20200726,IN,46609,3262
20200727,IN,46622,3274
20200728,IN,46633,3285
20200729,IN,46642,3295
20200730,IN,46651,3305
20200731,IN,46659,3315
20200801,IN,46666,3323
20200802,IN,46674,3332
20200803,IN,46681,3339
20200804,IN,46687,3347
20200805,IN,46691,3354
20200806,IN,46695,3361
20200807,IN,46698,3367
20200808,IN,46700,3373
20200809,IN,46704,3379
20200810,IN,46707,3384
20200811,IN,46710,3389
20200812,IN,46714,3394
20200813,IN,46716,3398
20200814,IN,46717,3403
20200815,IN,46717,3407
20200816,IN,46718,3411
20200817,IN,46719,3414
20200818,IN,46721,3418
20200819,IN,46722,3421
20200820,IN,46724,3423
20200821,IN,46725,3426
20200822,IN,46725,3429
20200823,IN,46725,3432
20200824,IN,46725,3434
20200825,IN,46726,3436
20200826,IN,46726,3438
20200827,IN,46727,3440
20200828,IN,46727,3442
20200829,IN,46728,3444
20200830,IN,46728,3445
20200704,KS,14768,291
20200705,KS,14824,295
20200706,KS,14875,298
20200707,KS,14924,302
20200708,KS,14970,305
20200709,KS,15013,308
20200710,KS,15054,312
20200711,KS,15091,315
20200712,KS,15126,317
20200713,KS,15157,320
20200714,KS,15187,323
20200715,KS,15215,326
20200716,KS,15241,328
20200717,KS,15265,330
20200718,KS,15288,333
20200719,KS,15308,335
20200720,KS,15327,337
20200721,KS,15344,339
20200722,KS,15360,341
20200723,KS,15375,343
20200724,KS,15389,344
20200725,KS,15402,346
20200726,KS,15414,348
20200727,KS,15425,349
20200728,KS,15434,351
20200729,KS,15443,352
20200730,KS,15451,353
20200731,KS,15459,354
20200801,KS,15466,356
20200802,KS,15473,357
20200803,KS,15479,358
20200804,KS,15483,359
20200805,KS,15488,360
20200806,KS,15492,361
20200807,KS,15496,361
20200808,KS,15500,362
20200809,KS,15504,363
20200810,KS,15507,364
20200811,KS,15510,364
20200812,KS,15512,365
20200813,KS,15514,366
20200814,KS,15516,366
20200815,KS,15518,367
20200816,KS,15520,367
20200817,KS,15522,368
20200818,KS,15524,368
20200819,KS,15525,369
20200820,KS,15525,369
20200821,KS,15526,369
20200822,KS,15527,370
20200823,KS,15528,370
20200824,KS,15529,370
20200825,KS,15530,371
20200826,KS,15531,371
20200827,KS,15531,371
20200828,KS,15532,371
20200829,KS,15532,372
20200830,KS,15532,372
20200704,KY,16067,599
20200705,KY,16168,599
20200706,KY,16264,607
20200707,KY,16356,610
20200708,KY,16443,616
20200709,KY,16526,619
20200710,KY,16605,624
20200711,KY,16680,627
20200712,KY,16751,632
20200713,KY,16818,635
20200714,KY,16882,637
20200715,KY,16942,644
20200716,KY,16999,642
20200717,KY,17053,649
20200718,KY,17104,648
20200719,KY,17152,653
20200720,KY,17197,654
20200721,KY,17240,658
20200722,KY,17280,659
20200723,KY,17318,662
20200724,KY,17353,664
20200725,KY,17387,666
20200726,KY,17418,669
20200727,KY,17447,667
20200728,KY,17474,671
20200729,KY,17500,671
20200730,KY,17524,674
20200731,KY,17547,674
20200801,KY,17568,677
20200802,KY,17587,676
20200803,KY,17606,679
20200804,KY,17623,679
20200805,KY,17639,679
20200806,KY,17653,681
20200807,KY,17667,681
20200808,KY,17680,683
20200809,KY,17692,683
20200810,KY,17703,685
20200811,KY,17713,683
20200812,KY,17723,687
20200813,KY,17732,684
20200814,KY,17740,686
20200815,KY,17747,686
20200816,KY,17754,687
20200817,KY,17761,687
20200818,KY,17767,688
20200819,KY,17772,688
20200820,KY,17777,688
20200821,KY,17782,690
20200822,KY,17787,687
20200823,KY,17791,690
20200824,KY,17794,688
20200825,KY,17798,690
20200826,KY,17801,689
20200827,KY,17804,691
20200828,KY,17806,690
20200829,KY,17809,691
20200830,KY,17811,691
20200704,LA,57997,3297
20200705,LA,58000,3307
20200706,LA,58003,3318
20200707,LA,58005,3327
20200708,LA,58007,3336
20200709,LA,58008,3344
20200710,LA,58010,3352
20200711,LA,58011,3359
20200712,LA,58012,3366
20200713,LA,58013,3372
20200714,LA,58014,3377
20200715,LA,58015,3383
20200716,LA,58015,3388
20200717,LA,58015,3393
20200718,LA,58016,3397
20200719,LA,58016,3401
20200720,LA,58016,3405
20200721,LA,58017,3408
20200722,LA,58017,3412
20200723,LA,58017,3415
20200724,LA,58017,3418
20200725,LA,58017,3420
20200726,LA,58017,3423
20200727,LA,58017,3425
20200728,LA,58018,3427
20200729,LA,58018,3429
20200730,LA,58018,3431
20200731,LA,58018,3433
20200801,LA,58018,3434
20200802,LA,58018,3436
20200803,LA,58018,3438
20200804,LA,58018,3439
20200805,LA,58018,3440
20200806,LA,58018,3441
20200807,LA,58018,3442
20200808,LA,58018,3443
20200809,LA,58018,3444
20200810,LA,58018,3445
20200811,LA,58018,3446
20200812,LA,58018,3447
20200813,LA,58018,3447
20200814,LA,58018,3448
20200815,LA,58018,3448
20200816,LA,58018,3449
20200817,LA,58018,3449
20200818,LA,58018,3450
20200819,LA,58018,3450
20200820,LA,58018,3451
20200821,LA,58018,3451
20200822,LA,58018,3452
20200823,LA,58018,3452
20200824,LA,58018,3452
20200825,LA,58018,3453
20200826,LA,58018,3453
20200827,LA,58018,3453
20200828,LA,58018,3453
20200829,LA,58018,3453
20200830,LA,58018,3454
20200704,MA,108753,8159
20200705,MA,108756,8172
20200706,MA,108758,8184
20200707,MA,108760,8196
20200708,MA,108762,8206
20200709,MA,108764,8216
20200710,MA,108765,8224
20200711,MA,108766,8232
20200712,MA,108767,8240
20200713,MA,108768,8246
20200714,MA,108768,8252
20200715,MA,108769,8258
20200716,MA,108769,8263
20200717,MA,108770,8269
20200718,MA,108770,8273
20200719,MA,108770,8277
20200720,MA,108770,8281
20200721,MA,108771,8284
20200722,MA,108771,8288
20200723,MA,108771,8291
20200724,MA,108771,8293
20200725,MA,108771,8296
20200726,MA,108771,8298
20200727,MA,108771,8300
20200728,MA,108771,8302
20200729,MA,108771,8304
20200730,MA,108771,8306
20200731,MA,108771,8307
20200801,MA,108771,8308
20200802,MA,108772,8310
20200803,MA,108772,8311
20200804,MA,108772,8312
20200805,MA,108772,8313
20200806,MA,108772,8314
20200807,MA,108772,8315
20200808,MA,108772,8316
20200809,MA,108772,8316
20200810,MA,108772,8317
20200811,MA,108772,8318
20200812,MA,108772,8318
20200813,MA,108772,8319
20200814,MA,108772,8319
20200815,MA,108772,8319
20200816,MA,108772,8320
20200817,MA,108772,8320
20200818,MA,108772,8320
20200819,MA,108772,8321
20200820,MA,108772,8321
20200821,MA,108772,8322
20200822,MA,108772,8322
20200823,MA,108772,8322
20200824,MA,108772,8322
20200825,MA,108772,8322
20200826,MA,108772,8323
20200827,MA,108772,8323
20200828,MA,108772,8323
20200829,MA,108772,8323
20200830,MA,108772,8323
20200704,MD,67220,3278
20200705,MD,67235,3293
20200706,MD,67248,3307
20200707,MD,67260,3320
20200708,MD,67270,3333
20200709,MD,67279,3344
20200710,MD,67286,3355
20200711,MD,67292,3365
20200712,MD,67298,3375
20200713,MD,67302,3384
20200714,MD,67307,3393
20200715,MD,67311,3400
20200716,MD,67315,3408
20200717,MD,67318,3415
20200718,MD,67320,3421
20200719,MD,67322,3427
20200720,MD,67323,3433
20200721,MD,67325,3439
20200722,MD,67326,3443
20200723,MD,67328,3448
20200724,MD,67329,3452
20200725,MD,67330,3456
20200726,MD,67331,3460
20200727,MD,67332,3464
20200728,MD,67332,3467
20200729,MD,67332,3470
20200730,MD,67332,3473
20200731,MD,67333,3476
20200801,MD,67333,3478
20200802,MD,67334,3480
20200803,MD,67334,3482
20200804,MD,67334,3484
20200805,MD,67334,3486
20200806,MD,67334,3488
20200807,MD,67334,3490
20200808,MD,67334,3491
20200809,MD,67334,3493
20200810,MD,67335,3494
20200811,MD,67335,3495
20200812,MD,67335,3496
20200813,MD,67335,3497
20200814,MD,67335,3498
20200815,MD,67335,3499
20200816,MD,67335,3500
20200817,MD,67335,3501
20200818,MD,67335,3502
20200819,MD,67335,3503
20200820,MD,67335,3503
20200821,MD,67335,3504
20200822,MD,67335,3504
20200823,MD,67335,3505
20200824,MD,67335,3505
20200825,MD,67335,3506
20200826,MD,67335,3506
20200827,MD,67335,3507
20200828,MD,67335,3507
20200829,MD,67335,3507
20200830,MD,67335,3508
20200704,ME,3221,106
20200705,ME,3221,106
20200706,ME,3221,106
20200707,ME,3221,106
20200708,ME,3221,106
20200709,ME,3222,107
20200710,ME,3222,107
20200711,ME,3222,107
20200712,ME,3222,107
20200713,ME,3222,107
20200714,ME,3222,107
20200715,ME,3222,107
20200716,ME,3222,107
20200717,ME,3222,108
20200718,ME,3222,108
20200719,ME,3222,108
20200720,ME,3222,108
20200721,ME,3222,108
20200722,ME,3222,108
20200723,ME,3222,108
20200724,ME,3222,108
20200725,ME,3222,108
20200726,ME,3222,108
20200727,ME,3222,108
20200728,ME,3222,108
20200729,ME,3222,108
20200730,ME,3222,108
20200731,ME,3222,108
20200801,ME,3222,108
20200802,ME,3222,108
20200803,ME,3222,108
20200804,ME,3222,108
20200805,ME,3222,108
20200806,ME,3222,108
20200807,ME,3222,108
20200808,ME,3222,108
20200809,ME,3222,108
20200810,ME,3222,108
20200811,ME,3222,108
20200812,ME,3222,108
20200813,ME,3222,108
20200814,ME,3222,108
20200815,ME,3222,108
20200816,ME,3222,108
20200817,ME,3222,108
20200818,ME,3222,108
20200819,ME,3222,108
20200820,ME,3222,108
20200821,ME,3222,108
20200822,ME,3222,108
20200823,ME,3222,108
20200824,ME,3222,108
20200825,ME,3222,108
20200826,ME,3222,108
20200827,ME,3222,108
20200828,ME,3222,108
20200829,ME,3222,108
20200830,ME,3222,108
20200704,MI,70475,6243
20200705,MI,70475,6252
20200706,MI,70476,6260
20200707,MI,70476,6267
20200708,MI,70477,6274
20200709,MI,70477,6281
20200710,MI,70477,6288
20200711,MI,70477,6294
20200712,MI,70477,6300
20200713,MI,70477,6305
20200714,MI,70477,6309
20200715,MI,70478,6313
20200716,MI,70478,6317
20200717,MI,70478,6321
20200718,MI,70478,6324
20200719,MI,70478,6328
20200720,MI,70478,6331
20200721,MI,70478,6334
20200722,MI,70478,6337
20200723,MI,70478,6339
20200724,MI,70478,6341
20200725,MI,70478,6343
20200726,MI,70478,6345
20200727,MI,70478,6347
20200728,MI,70478,6349
20200729,MI,70478,6351
20200730,MI,70478,6352
20200731,MI,70478,6354
20200801,MI,70478,6355
20200802,MI,70478,6356
20200803,MI,70478,6357
20200804,MI,70478,6358
20200805,MI,70478,6359
20200806,MI,70478,6360
20200807,MI,70478,6361
20200808,MI,70478,6362
20200809,MI,70478,6363
20200810,MI,70478,6363
20200811,MI,70478,6364
20200812,MI,70478,6364
20200813,MI,70478,6364
20200814,MI,70478,6365
20200815,MI,70478,6365
20200816,MI,70478,6366
20200817,MI,70478,6367
20200818,MI,70478,6367
20200819,MI,70478,6368
20200820,MI,70478,6368
20200821,MI,70478,6368
20200822,MI,70478,6368
20200823,MI,70478,6368
20200824,MI,70478,6368
20200825,MI,70478,6368
20200826,MI,70478,6369
20200827,MI,70478,6369
20200828,MI,70478,6370
20200829,MI,70478,6370
20200830,MI,70478,6370
20200704,MN,35979,1526
20200705,MN,35991,1534
20200706,MN,36001,1542
20200707,MN,36010,1549
20200708,MN,36018,1556
20200709,MN,36025,1562
20200710,MN,36031,1568
20200711,MN,36037,1574
20200712,MN,36042,1579
20200713,MN,36047,1584
20200714,MN,36050,1589
20200715,MN,36053,1593
20200716,MN,36056,1597
20200717,MN,36058,1601
20200718,MN,36060,1604
20200719,MN,36062,1608
20200720,MN,36064,1611
20200721,MN,36066,1614
20200722,MN,36067,1616
20200723,MN,36068,1619
20200724,MN,36069,1622
20200725,MN,36069,1624
20200726,MN,36070,1626
20200727,MN,36071,1628
20200728,MN,36071,1630
20200729,MN,36072,1631
20200730,MN,36073,1633
20200731,MN,36073,1634
20200801,MN,36073,1636
20200802,MN,36073,1637
20200803,MN,36073,1638
20200804,MN,36073,1640
20200805,MN,36074,1641
20200806,MN,36074,1642
20200807,MN,36074,1642
20200808,MN,36074,1643
20200809,MN,36074,1644
20200810,MN,36074,1645
20200811,MN,36074,1646
20200812,MN,36074,1646
20200813,MN,36074,1647
20200814,MN,36074,1647
20200815,MN,36075,1648
20200816,MN,36075,1648
20200817,MN,36075,1649
20200818,MN,36075,1649
20200819,MN,36075,1650
20200820,MN,36074,1650
20200821,MN,36074,1650
20200822,MN,36075,1651
20200823,MN,36075,1651
20200824,MN,36075,1651
20200825,MN,36075,1651
20200826,MN,36075,1652
20200827,MN,36075,1652
20200828,MN,36075,1652
20200829,MN,36075,1652
20200830,MN,36075,1653
20200704,MO,22121,1072
20200705,MO,22303,1082
20200706,MO,22478,1094
20200707,MO,22647,1104
20200708,MO,22809,1114
20200709,MO,22965,1124
20200710,MO,23114,1133
20200711,MO,23258,1143
20200712,MO,23395,1152
20200713,MO,23527,1160
20200714,MO,23653,1169
20200715,MO,23773,1175
20200716,MO,23888,1184
20200717,MO,23998,1191
20200718,MO,24103,1197
20200719,MO,24202,1204
20200720,MO,24298,1210
20200721,MO,24388,1217
20200722,MO,24474,1222
20200723,MO,24556,1228
20200724,MO,24634,1233
20200725,MO,24708,1238
20200726,MO,24778,1243
20200727,MO,24844,1248
20200728,MO,24907,1251
20200729,MO,24967,1256
20200730,MO,25023,1259
20200731,MO,25076,1263
20200801,MO,25127,1267
20200802,MO,25174,1270
20200803,MO,25219,1274
20200804,MO,25261,1276
20200805,MO,25301,1279
20200806,MO,25339,1282
20200807,MO,25374,1284
20200808,MO,25408,1287
20200809,MO,25439,1289
20200810,MO,25468,1291
20200811,MO,25496,1293
20200812,MO,25522,1295
20200813,MO,25546,1297
20200814,MO,25569,1299
20200815,MO,25591,1300
20200816,MO,25611,1302
20200817,MO,25629,1303
20200818,MO,25647,1304
20200819,MO,25663,1305
20200820,MO,25679,1307
20200821,MO,25693,1308
20200822,MO,25706,1309
20200823,MO,25719,1310
20200824,MO,25731,1310
20200825,MO,25741,1312
20200826,MO,25752,1312
20200827,MO,25761,1313
20200828,MO,25770,1314
20200829,MO,25778,1314
20200830,MO,25785,1315
20200704,MP,30,0
20200705,MP,30,0
20200706,MP,30,0
20200707,MP,31,0
20200708,MP,31,0
20200709,MP,31,0
20200710,MP,31,0
20200711,MP,31,0
20200712,MP,31,0
20200713,MP,31,0
20200714,MP,31,0
20200715,MP,31,0
20200716,MP,31,0
20200717,MP,31,0
20200718,MP,31,0
20200719,MP,31,0
20200720,MP,31,0
20200721,MP,31,0
20200722,MP,31,0
20200723,MP,31,0
20200724,MP,31,0
20200725,MP,31,0
20200726,MP,31,0
20200727,MP,31,0
20200728,MP,31,0
20200729,MP,31,0
20200730,MP,31,0
20200731,MP,31,0
20200801,MP,31,0
20200802,MP,31,0
20200803,MP,31,0
20200804,MP,31,0
20200805,MP,31,0
20200806,MP,31,0
20200807,MP,31,0
20200808,MP,31,0
20200809,MP,31,0
20200810,MP,31,0
20200811,MP,31,0
20200812,MP,31,0
20200813,MP,31,0
20200814,MP,31,0
20200815,MP,31,0
20200816,MP,31,0
20200817,MP,31,0
20200818,MP,31,0
20200819,MP,31,0
20200820,MP,31,0
20200821,MP,31,0
20200822,MP,31,0
20200823,MP,31,0
20200824,MP,31,0
20200825,MP,31,0
20200826,MP,31,0
20200827,MP,31,0
20200828,MP,31,0
20200829,MP,31,0
20200830,MP,31,0
20200704,MS,28259,1148
20200705,MS,28565,1166
20200706,MS,28863,1177
20200707,MS,29151,1191
20200708,MS,29430,1209
20200709,MS,29700,1223
20200710,MS,29961,1234
20200711,MS,30213,1250
20200712,MS,30457,1264
20200713,MS,30692,1275
20200714,MS,30918,1287
20200715,MS,31136,1301
20200716,MS,31346,1312
20200717,MS,31548,1321
20200718,MS,31742,1332
20200719,MS,31928,1346
20200720,MS,32107,1356
20200721,MS,32279,1361
20200722,MS,32443,1369
20200723,MS,32600,1382
20200724,MS,32751,1391
20200725,MS,32895,1396
20200726,MS,33033,1405
20200727,MS,33164,1414
20200728,MS,33289,1421
20200729,MS,33409,1427
20200730,MS,33523,1435
20200731,MS,33632,1442
20200801,MS,33735,1446
20200802,MS,33834,1452
20200803,MS,33927,1460
20200804,MS,34016,1466
20200805,MS,34101,1468
20200806,MS,34181,1470
20200807,MS,34257,1479
20200808,MS,34329,1484
20200809,MS,34397,1485
20200810,MS,34462,1490
20200811,MS,34523,1495
20200812,MS,34581,1498
20200813,MS,34636,1500
20200814,MS,34688,1505
20200815,MS,34736,1509
20200816,MS,34783,1510
20200817,MS,34826,1512
20200818,MS,34867,1518
20200819,MS,34906,1521
20200820,MS,34942,1520
20200821,MS,34976,1519
20200822,MS,35008,1525
20200823,MS,35039,1528
20200824,MS,35067,1528
20200825,MS,35094,1529
20200826,MS,35119,1533
20200827,MS,35142,1534
20200828,MS,35165,1534
20200829,MS,35185,1536
20200830,MS,35205,1538
20200704,MT,1003,24
20200705,MT,1011,25
20200706,MT,1020,25
20200707,MT,1028,25
20200708,MT,1036,26
20200709,MT,1045,26
20200710,MT,1053,26
20200711,MT,1060,27
20200712,MT,1067,27
20200713,MT,1074,28
20200714,MT,1081,28
20200715,MT,1087,28
20200716,MT,1094,29
20200717,MT,1100,29
20200718,MT,1106,29
20200719,MT,1111,30
20200720,MT,1117,30
20200721,MT,1122,30
20200722,MT,1128,30
20200723,MT,1133,31
20200724,MT,1138,31
20200725,MT,1142,31
20200726,MT,1146,32
20200727,MT,1150,32
20200728,MT,1155,32
20200729,MT,1159,32
20200730,MT,1163,33
20200731,MT,1166,33
20200801,MT,1170,33
20200802,MT,1173,33
20200803,MT,1176,34
20200804,MT,1179,34
20200805,MT,1182,34
20200806,MT,1185,34
20200807,MT,1188,34
20200808,MT,1190,35
20200809,MT,1192,35
20200810,MT,1195,35
20200811,MT,1197,35
20200812,MT,1199,35
20200813,MT,1202,35
20200814,MT,1203,36
20200815,MT,1205,36
20200816,MT,1207,36
20200817,MT,1208,36
20200818,MT,1210,36
20200819,MT,1212,36
20200820,MT,1213,36
20200821,MT,1214,37
20200822,MT,1216,37
20200823,MT,1217,37
20200824,MT,1218,37
20200825,MT,1219,37
20200826,MT,1220,37
20200827,MT,1221,37
20200828,MT,1222,37
20200829,MT,1223,37
20200830,MT,1224,38
20200704,NC,66677,1491
20200705,NC,67186,1519
20200706,NC,67673,1545
20200707,NC,68139,1572
20200708,NC,68585,1597
20200709,NC,69011,1623
20200710,NC,69418,1647
20200711,NC,69804,1671
20200712,NC,70169,1695
20200713,NC,70516,1718
20200714,NC,70847,1741
20200715,NC,71161,1763
20200716,NC,71461,1784
20200717,NC,71744,1805
20200718,NC,72011,1825
20200719,NC,72261,1845
20200720,NC,72497,1864
20200721,NC,72721,1882
20200722,NC,72933,1900
20200723,NC,73134,1917
20200724,NC,73325,1934
20200725,NC,73504,1950
20200726,NC,73670,1966
20200727,NC,73824,1981
20200728,NC,73969,1996
20200729,NC,74105,2010
20200730,NC,74234,2023
20200731,NC,74357,2036
20200801,NC,74471,2049
20200802,NC,74577,2061
20200803,NC,74674,2073
20200804,NC,74765,2084
20200805,NC,74850,2095
20200806,NC,74931,2105
20200807,NC,75006,2115
20200808,NC,75077,2124
20200809,NC,75142,2133
20200810,NC,75201,2142
20200811,NC,75256,2150
20200812,NC,75307,2158
20200813,NC,75355,2166
20200814,NC,75401,2173
20200815,NC,75444,2180
20200816,NC,75483,2186
20200817,NC,75518,2193
20200818,NC,75549,2199
20200819,NC,75578,2204
20200820,NC,75606,2210
20200821,NC,75632,2215
20200822,NC,75658,2220
20200823,NC,75682,2225
20200824,NC,75703,2229
20200825,NC,75721,2233
20200826,NC,75737,2237
20200827,NC,75752,2241
20200828,NC,75766,2245
20200829,NC,75780,2248
20200830,NC,75794,2251
20200704,ND,3644,86
20200705,ND,3656,87
20200706,ND,3668,88
20200707,ND,3679,89
20200708,ND,3689,90
20200709,ND,3699,90
20200710,ND,3708,91
20200711,ND,3716,92
20200712,ND,3723,93
20200713,ND,3731,94
20200714,ND,3737,94
20200715,ND,3744,95
20200716,ND,3749,96
20200717,ND,3755,96
20200718,ND,3760,97
20200719,ND,3764,98
20200720,ND,3768,98
20200721,ND,3772,99
20200722,ND,3776,99
20200723,ND,3779,100
20200724,ND,3782,100
20200725,ND,3785,101
20200726,ND,3788,101
20200727,ND,3790,102
20200728,ND,3792,102
20200729,ND,3794,102
20200730,ND,3796,103
20200731,ND,3798,103
20200801,ND,3799,103
20200802,ND,3801,104
20200803,ND,3802,104
20200804,ND,3803,104
20200805,ND,3804,105
20200806,ND,3805,105
20200807,ND,3806,105
20200808,ND,3807,105
20200809,ND,3808,105
20200810,ND,3809,106
20200811,ND,3809,106
20200812,ND,3810,106
20200813,ND,3810,106
20200814,ND,3810,106
20200815,ND,3811,106
20200816,ND,3811,107
20200817,ND,3812,107
20200818,ND,3812,107
20200819,ND,3812,107
20200820,ND,3812,107
20200821,ND,3813,107
20200822,ND,3813,107
20200823,ND,3813,107
20200824,ND,3813,107
20200825,ND,3814,108
20200826,ND,3814,108
20200827,ND,3814,108
20200828,ND,3814,108
20200829,ND,3814,108
20200830,ND,3814,108
20200704,NE,19152,286
20200705,NE,19192,289
20200706,NE,19229,291
20200707,NE,19263,294
20200708,NE,19294,296
20200709,NE,19322,299
20200710,NE,19348,301
20200711,NE,19372,303
20200712,NE,19394,305
20200713,NE,19414,307
20200714,NE,19433,309
20200715,NE,19450,311
20200716,NE,19465,313
20200717,NE,19478,314
20200718,NE,19491,316
20200719,NE,19502,317
20200720,NE,19513,319
20200721,NE,19523,320
20200722,NE,19532,321
20200723,NE,19540,322
20200724,NE,19547,323
20200725,NE,19553,325
20200726,NE,19558,326
20200727,NE,19563,327
20200728,NE,19568,327
20200729,NE,19572,328
20200730,NE,19576,329
20200731,NE,19580,330
20200801,NE,19583,330
20200802,NE,19586,331
20200803,NE,19588,332
20200804,NE,19590,332
20200805,NE,19592,333
20200806,NE,19594,333
20200807,NE,19596,334
20200808,NE,19597,334
20200809,NE,19599,335
20200810,NE,19600,335
20200811,NE,19601,336
20200812,NE,19602,336
20200813,NE,19603,336
20200814,NE,19603,337
20200815,NE,19604,337
20200816,NE,19605,337
20200817,NE,19605,337
20200818,NE,19605,338
20200819,NE,19606,338
20200820,NE,19606,338
20200821,NE,19607,338
20200822,NE,19607,338
20200823,NE,19608,339
20200824,NE,19608,339
20200825,NE,19608,339
20200826,NE,19608,339
20200827,NE,19608,339
20200828,NE,19608,339
20200829,NE,19608,339
20200830,NE,19608,340
20200704,NH,5763,379
20200705,NH,5768,382
20200706,NH,5772,384
20200707,NH,5776,386
20200708,NH,5780,389
20200709,NH,5784,391
20200710,NH,5787,392
20200711,NH,5790,394
20200712,NH,5793,396
20200713,NH,5795,398
20200714,NH,5797,399
20200715,NH,5799,401
20200716,NH,5801,402
20200717,NH,5802,404
20200718,NH,5804,405
20200719,NH,5805,406
20200720,NH,5807,407
20200721,NH,5807,408
20200722,NH,5808,409
20200723,NH,5809,410
20200724,NH,5810,411
20200725,NH,5810,412
20200726,NH,5811,413
20200727,NH,5812,414
20200728,NH,5813,414
20200729,NH,5813,415
20200730,NH,5813,416
20200731,NH,5813,416
20200801,NH,5814,417
20200802,NH,5814,418
20200803,NH,5814,418
20200804,NH,5815,418
20200805,NH,5815,419
20200806,NH,5815,419
20200807,NH,5815,420
20200808,NH,5815,420
20200809,NH,5815,421
20200810,NH,5815,421
20200811,NH,5816,421
20200812,NH,5816,422
20200813,NH,5816,422
20200814,NH,5816,422
20200815,NH,5816,422
20200816,NH,5816,423
20200817,NH,5816,423
20200818,NH,5816,423
20200819,NH,5816,423
20200820,NH,5816,423
20200821,NH,5816,424
20200822,NH,5816,424
20200823,NH,5816,424
20200824,NH,5816,424
20200825,NH,5816,424
20200826,NH,5816,424
20200827,NH,5816,424
20200828,NH,5816,425
20200829,NH,5816,425
20200830,NH,5816,425
20200704,NJ,172431,15408
20200705,NJ,172529,15520
20200706,NJ,172618,15627
20200707,NJ,172697,15728
20200708,NJ,172768,15824
20200709,NJ,172830,15915
20200710,NJ,172885,16001
20200711,NJ,172933,16083
20200712,NJ,172974,16161
20200713,NJ,173011,16234
20200714,NJ,173045,16303
20200715,NJ,173075,16368
20200716,NJ,173102,16429
20200717,NJ,173125,16487
20200718,NJ,173145,16542
20200719,NJ,173162,16594
20200720,NJ,173176,16643
20200721,NJ,173189,16689
20200722,NJ,173201,16732
20200723,NJ,173212,16772
20200724,NJ,173221,16810
20200725,NJ,173230,16846
20200726,NJ,173237,16880
20200727,NJ,173243,16912
20200728,NJ,173247,16942
20200729,NJ,173251,16970
20200730,NJ,173255,16997
20200731,NJ,173259,17022
20200801,NJ,173262,17045
20200802,NJ,173265,17066
20200803,NJ,173268,17087
20200804,NJ,173270,17106
20200805,NJ,173271,17125
20200806,NJ,173272,17142
20200807,NJ,173273,17158
20200808,NJ,173274,17173
20200809,NJ,173275,17187
20200810,NJ,173277,17200
20200811,NJ,173278,17212
20200812,NJ,173278,17223
20200813,NJ,173279,17234
20200814,NJ,173279,17245
20200815,NJ,173279,17254
20200816,NJ,173279,17264
20200817,NJ,173280,17272
20200818,NJ,173280,17280
20200819,NJ,173281,17287
20200820,NJ,173281,17294
20200821,NJ,173281,17300
20200822,NJ,173281,17306
20200823,NJ,173281,17312
20200824,NJ,173281,17318
20200825,NJ,173281,17323
20200826,NJ,173281,17327
20200827,NJ,173281,17331
20200828,NJ,173281,17335
20200829,NJ,173282,17339
20200830,NJ,173282,17343
20200704,NM,11894,519
20200705,NM,11910,523
20200706,NM,11925,527
20200707,NM,11939,531
20200708,NM,11951,534
20200709,NM,11963,538
20200710,NM,11974,541
20200711,NM,11983,544
20200712,NM,11992,548
20200713,NM,12000,550
20200714,NM,12006,553
20200715,NM,12013,556
20200716,NM,12018,558
20200717,NM,12024,561
20200718,NM,12029,563
20200719,NM,12033,565
20200720,NM,12037,567
20200721,NM,12040,569
20200722,NM,12043,570
20200723,NM,12046,572
20200724,NM,12048,574
20200725,NM,12050,575
20200726,NM,12053,576
20200727,NM,12055,578
20200728,NM,12057,579
20200729,NM,12058,580
20200730,NM,12059,581
20200731,NM,12060,582
20200801,NM,12061,583
20200802,NM,12062,584
20200803,NM,12063,585
20200804,NM,12064,586
20200805,NM,12065,586
20200806,NM,12065,587
20200807,NM,12066,588
20200808,NM,12066,588
20200809,NM,12066,589
20200810,NM,12066,590
20200811,NM,12067,590
20200812,NM,12067,591
20200813,NM,12068,591
20200814,NM,12068,591
20200815,NM,12068,592
20200816,NM,12068,592
20200817,NM,12068,593
20200818,NM,12068,593
20200819,NM,12068,593
20200820,NM,12069,593
20200821,NM,12069,594
20200822,NM,12069,594
20200823,NM,12069,594
20200824,NM,12069,594
20200825,NM,12069,595
20200826,NM,12069,595
20200827,NM,12069,595
20200828,NM,12069,595
20200829,NM,12069,595
20200830,NM,12069,595
20200704,NV,19354,568
20200705,NV,19653,578
20200706,NV,19947,589
20200707,NV,20237,599
20200708,NV,20522,608
20200709,NV,20803,618
20200710,NV,21079,628
20200711,NV,21351,637
20200712,NV,21617,647
20200713,NV,21879,656
20200714,NV,22135,665
20200715,NV,22387,674
20200716,NV,22634,683
20200717,NV,22875,691
20200718,NV,23111,700
20200719,NV,23342,708
20200720,NV,23568,716
20200721,NV,23788,724
20200722,NV,24004,732
20200723,NV,24214,740
20200724,NV,24418,747
20200725,NV,24618,754
20200726,NV,24812,762
20200727,NV,25002,769
20200728,NV,25186,775
20200729,NV,25365,782
20200730,NV,25539,789
20200731,NV,25708,795
20200801,NV,25872,801
20200802,NV,26031,807
20200803,NV,26185,813
20200804,NV,26335,819
20200805,NV,26480,824
20200806,NV,26620,830
20200807,NV,26756,834
20200808,NV,26887,840
20200809,NV,27014,845
20200810,NV,27137,849
20200811,NV,27255,854
20200812,NV,27370,858
20200813,NV,27480,863
20200814,NV,27587,867
20200815,NV,27690,871
20200816,NV,27788,875
20200817,NV,27884,878
20200818,NV,27975,882
20200819,NV,28064,886
20200820,NV,28149,889
20200821,NV,28230,892
20200822,NV,28309,895
20200823,NV,28384,898
20200824,NV,28456,901
20200825,NV,28525,904
20200826,NV,28592,907
20200827,NV,28656,909
20200828,NV,28717,912
20200829,NV,28776,914
20200830,NV,28832,916
20200704,NY,392976,24889
20200705,NY,392978,24894
20200706,NY,392979,24899
20200707,NY,392980,24902
20200708,NY,392981,24906
20200709,NY,392982,24910
20200710,NY,392983,24912
20200711,NY,392983,24915
20200712,NY,392984,24918
20200713,NY,392984,24920
20200714,NY,392984,24922
20200715,NY,392985,24923
20200716,NY,392985,24925
20200717,NY,392985,24926
20200718,NY,392985,24927
20200719,NY,392985,24928
20200720,NY,392986,24929
20200721,NY,392986,24930
20200722,NY,392986,24931
20200723,NY,392986,24932
20200724,NY,392986,24932
20200725,NY,392986,24932
20200726,NY,392986,24933
20200727,NY,392986,24933
20200728,NY,392986,24934
20200729,NY,392986,24934
20200730,NY,392986,24934
20200731,NY,392986,24935
20200801,NY,392986,24935
20200802,NY,392986,24935
20200803,NY,392986,24935
20200804,NY,392986,24935
20200805,NY,392986,24936
20200806,NY,392986,24936
20200807,NY,392986,24936
20200808,NY,392986,24936
20200809,NY,392986,24936
20200810,NY,392986,24936
20200811,NY,392986,24936
20200812,NY,392986,24936
20200813,NY,392986,24937
20200814,NY,392986,24936
20200815,NY,392986,24936
20200816,NY,392986,24936
20200817,NY,392986,24936
20200818,NY,392986,24937
20200819,NY,392986,24936
20200820,NY,392986,24937
20200821,NY,392986,24937
20200822,NY,392986,24936
20200823,NY,392986,24937
20200824,NY,392986,24937
20200825,NY,392986,24937
20200826,NY,392986,24937
20200827,NY,392986,24936
20200828,NY,392986,24937
20200829,NY,392986,24936
20200830,NY,392986,24937
20200704,OH,53287,2999
20200705,OH,53619,3025
20200706,OH,53935,3041
20200707,OH,54236,3071
20200708,OH,54523,3096
20200709,OH,54796,3113
20200710,OH,55056,3135
20200711,OH,55302,3159
20200712,OH,55536,3175
20200713,OH,55758,3188
20200714,OH,55968,3212
20200715,OH,56167,3233
20200716,OH,56356,3242
20200717,OH,56534,3248
20200718,OH,56702,3269
20200719,OH,56861,3287
20200720,OH,57011,3293
20200721,OH,57152,3304
20200722,OH,57285,3322
20200723,OH,57410,3330
20200724,OH,57527,3336
20200725,OH,57638,3351
20200726,OH,57741,3362
20200727,OH,57839,3365
20200728,OH,57930,3371
20200729,OH,58016,3388
20200730,OH,58096,3395
20200731,OH,58171,3391
20200801,OH,58241,3396
20200802,OH,58306,3415
20200803,OH,58368,3419
20200804,OH,58425,3410
20200805,OH,58478,3419
20200806,OH,58528,3433
20200807,OH,58574,3431
20200808,OH,58617,3430
20200809,OH,58657,3441
20200810,OH,58695,3445
20200811,OH,58729,3443
20200812,OH,58761,3450
20200813,OH,58791,3456
20200814,OH,58819,3454
20200815,OH,58845,3455
20200816,OH,58869,3464
20200817,OH,58891,3467
20200818,OH,58911,3460
20200819,OH,58930,3462
20200820,OH,58947,3475
20200821,OH,58964,3475
20200822,OH,58978,3463
20200823,OH,58992,3466
20200824,OH,59005,3479
20200825,OH,59017,3476
20200826,OH,59027,3466
20200827,OH,59037,3476
20200828,OH,59046,3480
20200829,OH,59055,3474
20200830,OH,59063,3476
20200704,OK,14179,430
20200705,OK,14340,437
20200706,OK,14496,444
20200707,OK,14649,451
20200708,OK,14797,458
20200709,OK,14941,465
20200710,OK,15080,472
20200711,OK,15216,479
20200712,OK,15347,486
20200713,OK,15474,492
20200714,OK,15597,498
20200715,OK,15716,504
20200716,OK,15830,510
20200717,OK,15941,516
20200718,OK,16048,522
20200719,OK,16151,527
20200720,OK,16251,533
20200721,OK,16346,538
20200722,OK,16438,543
20200723,OK,16527,548
20200724,OK,16612,553
20200725,OK,16693,558
20200726,OK,16772,562
20200727,OK,16847,567
20200728,OK,16919,571
20200729,OK,16988,575
20200730,OK,17054,579
20200731,OK,17117,583
20200801,OK,17177,587
20200802,OK,17235,591
20200803,OK,17290,594
20200804,OK,17342,598
20200805,OK,17393,601
20200806,OK,17440,604
20200807,OK,17486,607
20200808,OK,17529,610
20200809,OK,17570,613
20200810,OK,17609,615
20200811,OK,17647,618
20200812,OK,17682,620
20200813,OK,17715,623
20200814,OK,17747,625
20200815,OK,17777,627
20200816,OK,17806,629
20200817,OK,17833,631
20200818,OK,17859,633
20200819,OK,17883,635
20200820,OK,17906,637
20200821,OK,17928,639
20200822,OK,17948,640
20200823,OK,17968,642
20200824,OK,17986,643
20200825,OK,18003,644
20200826,OK,18019,646
20200827,OK,18035,647
20200828,OK,18049,648
20200829,OK,18063,649
20200830,OK,18075,650
20200704,OR,8869,217
20200705,OR,8948,219
20200706,OR,9025,222
20200707,OR,9100,224
20200708,OR,9173,226
20200709,OR,9244,228
20200710,OR,9312,230
20200711,OR,9379,233
20200712,OR,9444,234
20200713,OR,9507,237
20200714,OR,9568,238
20200715,OR,9626,240
20200716,OR,9683,242
20200717,OR,9739,244
20200718,OR,9792,246
20200719,OR,9844,247
20200720,OR,9893,249
20200721,OR,9941,250
20200722,OR,9988,252
20200723,OR,10033,253
20200724,OR,10076,255
20200725,OR,10117,256
20200726,OR,10157,257
20200727,OR,10196,259
20200728,OR,10233,260
20200729,OR,10268,261
20200730,OR,10303,262
20200731,OR,10335,263
20200801,OR,10367,264
20200802,OR,10397,265
20200803,OR,10426,266
20200804,OR,10454,267
20200805,OR,10481,268
20200806,OR,10506,269
20200807,OR,10531,270
20200808,OR,10554,271
20200809,OR,10577,272
20200810,OR,10598,272
20200811,OR,10618,273
20200812,OR,10638,274
20200813,OR,10656,274
20200814,OR,10674,275
20200815,OR,10691,275
20200816,OR,10707,276
20200817,OR,10723,277
20200818,OR,10737,277
20200819,OR,10751,278
20200820,OR,10765,278
20200821,OR,10777,279
20200822,OR,10789,279
20200823,OR,10801,279
20200824,OR,10812,280
20200825,OR,10822,280
20200826,OR,10832,281
20200827,OR,10841,281
20200828,OR,10850,281
20200829,OR,10858,281
20200830,OR,10866,282
20200704,PA,86151,6762
20200705,PA,86153,6780
20200706,PA,86154,6797
20200707,PA,86156,6812
20200708,PA,86157,6827
20200709,PA,86158,6840
20200710,PA,86159,6852
20200711,PA,86160,6863
20200712,PA,86161,6874
20200713,PA,86161,6884
20200714,PA,86162,6894
20200715,PA,86162,6903
20200716,PA,86162,6911
20200717,PA,86162,6919
20200718,PA,86162,6926
20200719,PA,86163,6932
20200720,PA,86163,6938
20200721,PA,86163,6944
20200722,PA,86164,6949
20200723,PA,86164,6954
20200724,PA,86164,6959
20200725,PA,86164,6964
20200726,PA,86164,6968
20200727,PA,86164,6971
20200728,PA,86164,6975
20200729,PA,86164,6978
20200730,PA,86164,6980
20200731,PA,86164,6983
20200801,PA,86164,6986
20200802,PA,86164,6988
20200803,PA,86164,6991
20200804,PA,86164,6993
20200805,PA,86164,6995
20200806,PA,86164,6997
20200807,PA,86164,6998
20200808,PA,86164,6999
20200809,PA,86164,7001
20200810,PA,86164,7002
20200811,PA,86164,7004
20200812,PA,86164,7005
20200813,PA,86164,7007
20200814,PA,86164,7008
20200815,PA,86164,7009
20200816,PA,86164,7009
20200817,PA,86164,7010
20200818,PA,86164,7010
20200819,PA,86164,7011
20200820,PA,86164,7011
20200821,PA,86164,7012
20200822,PA,86164,7013
20200823,PA,86164,7014
20200824,PA,86164,7015
20200825,PA,86164,7015
20200826,PA,86164,7015
20200827,PA,86164,7016
20200828,PA,86164,7016
20200829,PA,86164,7016
20200830,PA,86164,7017
20200704,PR,7314,160
20200705,PR,7320,161
20200706,PR,7324,162
20200707,PR,7328,163
20200708,PR,7332,164
20200709,PR,7335,165
20200710,PR,7338,166
20200711,PR,7341,166
20200712,PR,7344,167
20200713,PR,7347,168
20200714,PR,7349,168
20200715,PR,7350,169
20200716,PR,7351,170
20200717,PR,7352,170
20200718,PR,7353,171
20200719,PR,7355,171
20200720,PR,7356,172
20200721,PR,7357,172
20200722,PR,7358,173
20200723,PR,7358,173
20200724,PR,7359,173
20200725,PR,7359,174
20200726,PR,7359,174
20200727,PR,7360,174
20200728,PR,7360,175
20200729,PR,7361,175
20200730,PR,7361,175
20200731,PR,7361,175
20200801,PR,7361,175
20200802,PR,7361,176
20200803,PR,7361,176
20200804,PR,7362,176
20200805,PR,7362,176
20200806,PR,7362,176
20200807,PR,7362,177
20200808,PR,7362,177
20200809,PR,7362,177
20200810,PR,7362,177
20200811,PR,7362,177
20200812,PR,7362,177
20200813,PR,7362,177
20200814,PR,7362,177
20200815,PR,7363,177
20200816,PR,7363,177
20200817,PR,7362,178
20200818,PR,7362,178
20200819,PR,7362,178
20200820,PR,7362,178
20200821,PR,7362,178
20200822,PR,7362,178
20200823,PR,7363,178
20200824,PR,7363,178
20200825,PR,7363,178
20200826,PR,7363,178
20200827,PR,7363,178
20200828,PR,7363,178
20200829,PR,7363,178
20200830,PR,7363,178
20200704,RI,16806,965
20200705,RI,16809,969
20200706,RI,16811,972
20200707,RI,16813,975
20200708,RI,16815,978
20200709,RI,16816,981
20200710,RI,16818,983
20200711,RI,16819,985
20200712,RI,16820,988
20200713,RI,16821,990
20200714,RI,16821,992
20200715,RI,16822,994
20200716,RI,16823,995
20200717,RI,16823,997
20200718,RI,16824,998
20200719,RI,16824,1000
20200720,RI,16825,1001
20200721,RI,16825,1002
20200722,RI,16825,1003
20200723,RI,16825,1005
20200724,RI,16825,1006
20200725,RI,16826,1006
20200726,RI,16826,1007
20200727,RI,16826,1008
20200728,RI,16826,1009
20200729,RI,16826,1010
20200730,RI,16826,1010
20200731,RI,16826,1011
20200801,RI,16826,1012
20200802,RI,16826,1012
20200803,RI,16826,1013
20200804,RI,16827,1013
20200805,RI,16827,1013
20200806,RI,16827,1014
20200807,RI,16827,1014
20200808,RI,16827,1015
20200809,RI,16827,1015
20200810,RI,16827,1015
20200811,RI,16827,1016
20200812,RI,16827,1016
20200813,RI,16827,1016
20200814,RI,16827,1016
20200815,RI,16827,1017
20200816,RI,16827,1017
20200817,RI,16827,1017
20200818,RI,16827,1017
20200819,RI,16827,1017
20200820,RI,16827,1017
20200821,RI,16827,1018
20200822,RI,16827,1018
20200823,RI,16827,1018
20200824,RI,16827,1018
20200825,RI,16827,1018
20200826,RI,16827,1018
20200827,RI,16827,1018
20200828,RI,16827,1018
20200829,RI,16827,1018
20200830,RI,16827,1019
20200704,SC,39026,864
20200705,SC,39838,888
20200706,SC,40646,912
20200707,SC,41451,937
20200708,SC,42251,961
20200709,SC,43047,986
20200710,SC,43837,1010
20200711,SC,44621,1035
20200712,SC,45399,1060
20200713,SC,46170,1085
20200714,SC,46934,1110
20200715,SC,47691,1134
20200716,SC,48439,1159
20200717,SC,49180,1184
20200718,SC,49911,1209
20200719,SC,50634,1233
20200720,SC,51348,1258
20200721,SC,52051,1283
20200722,SC,52745,1307
20200723,SC,53429,1331
20200724,SC,54102,1355
20200725,SC,54765,1379
20200726,SC,55417,1403
20200727,SC,56058,1427
20200728,SC,56687,1450
20200729,SC,57306,1474
20200730,SC,57913,1497
20200731,SC,58508,1520
20200801,SC,59092,1542
20200802,SC,59664,1565
20200803,SC,60224,1587
20200804,SC,60772,1609
20200805,SC,61308,1630
20200806,SC,61833,1652
20200807,SC,62345,1673
20200808,SC,62846,1694
20200809,SC,63335,1714
20200810,SC,63812,1734
20200811,SC,64277,1754
20200812,SC,64731,1774
20200813,SC,65173,1793
20200814,SC,65603,1812
20200815,SC,66022,1830
20200816,SC,66429,1849
20200817,SC,66826,1866
20200818,SC,67211,1884
20200819,SC,67585,1901
20200820,SC,67949,1918
20200821,SC,68302,1935
20200822,SC,68644,1951
20200823,SC,68976,1967
20200824,SC,69298,1982
20200825,SC,69609,1997
20200826,SC,69911,2012
20200827,SC,70204,2027
20200828,SC,70486,2041
20200829,SC,70760,2055
20200830,SC,71024,2068
20200704,SD,6922,98
20200705,SD,6953,100
20200706,SD,6982,101
20200707,SD,7010,102
20200708,SD,7036,103
20200709,SD,7060,104
20200710,SD,7083,105
20200711,SD,7105,106
20200712,SD,7126,107
20200713,SD,7146,108
20200714,SD,7165,109
20200715,SD,7183,109
20200716,SD,7199,110
20200717,SD,7215,111
20200718,SD,7229,112
20200719,SD,7243,113
20200720,SD,7256,113
20200721,SD,7269,114
20200722,SD,7280,115
20200723,SD,7291,115
20200724,SD,7301,116
20200725,SD,7310,117
20200726,SD,7319,117
20200727,SD,7327,118
20200728,SD,7335,118
20200729,SD,7342,119
20200730,SD,7349,119
20200731,SD,7355,120
20200801,SD,7361,120
20200802,SD,7367,120
20200803,SD,7372,121
20200804,SD,7377,121
20200805,SD,7381,122
20200806,SD,7385,122
20200807,SD,7389,122
20200808,SD,7392,123
20200809,SD,7396,123
20200810,SD,7399,123
20200811,SD,7402,123
20200812,SD,7404,124
20200813,SD,7407,124
20200814,SD,7409,124
20200815,SD,7411,124
20200816,SD,7413,125
20200817,SD,7415,125
20200818,SD,7416,125
20200819,SD,7418,125
20200820,SD,7419,125
20200821,SD,7421,125
20200822,SD,7422,126
20200823,SD,7423,126
20200824,SD,7424,126
20200825,SD,7425,126
20200826,SD,7426,126
20200827,SD,7426,126
20200828,SD,7427,126
20200829,SD,7428,126
20200830,SD,7428,127
20200704,TN,46954,659
20200705,TN,47648,671
20200706,TN,48331,682
20200707,TN,49002,693
20200708,TN,49661,704
20200709,TN,50307,715
20200710,TN,50942,725
20200711,TN,51563,736
20200712,TN,52172,746
20200713,TN,52768,756
20200714,TN,53351,767
20200715,TN,53921,776
20200716,TN,54478,786
20200717,TN,55021,795
20200718,TN,55551,804
20200719,TN,56068,814
20200720,TN,56572,822
20200721,TN,57063,831
20200722,TN,57540,839
20200723,TN,58005,848
20200724,TN,58456,856
20200725,TN,58895,863
20200726,TN,59321,871
20200727,TN,59734,879
20200728,TN,60135,886
20200729,TN,60524,893
20200730,TN,60900,899
20200731,TN,61264,906
20200801,TN,61617,913
20200802,TN,61958,919
20200803,TN,62288,925
20200804,TN,62606,931
20200805,TN,62914,936
20200806,TN,63211,942
20200807,TN,63497,947
20200808,TN,63773,952
20200809,TN,64039,957
20200810,TN,64295,962
20200811,TN,64542,967
20200812,TN,64779,971
20200813,TN,65007,976
20200814,TN,65226,980
20200815,TN,65437,984
20200816,TN,65639,988
20200817,TN,65833,991
20200818,TN,66020,995
20200819,TN,66198,998
20200820,TN,66369,1002
20200821,TN,66533,1005
20200822,TN,66690,1008
20200823,TN,66840,1011
20200824,TN,66984,1014
20200825,TN,67121,1016
20200826,TN,67253,1019
20200827,TN,67378,1021
20200828,TN,67498,1024
20200829,TN,67612,1026
20200830,TN,67722,1028
20200704,TX,171421,2859
20200705,TX,174371,2942
20200706,TX,177278,3025
20200707,TX,180143,3108
20200708,TX,182966,3190
20200709,TX,185740,3273
20200710,TX,188456,3356
20200711,TX,191100,3439
20200712,TX,193681,3522
20200713,TX,196211,3604
20200714,TX,198693,3686
20200715,TX,201126,3767
20200716,TX,203504,3848
20200717,TX,205814,3929
20200718,TX,208048,4009
20200719,TX,210222,4088
20200720,TX,212342,4167
20200721,TX,214411,4244
20200722,TX,216426,4321
20200723,TX,218379,4397
20200724,TX,220262,4473
20200725,TX,222084,4547
20200726,TX,223852,4620
20200727,TX,225566,4692
20200728,TX,227228,4763
20200729,TX,228835,4833
20200730,TX,230380,4902
20200731,TX,231867,4970
20200801,TX,233301,5037
20200802,TX,234686,5102
20200803,TX,236024,5166
20200804,TX,237314,5229
20200805,TX,238554,5291
20200806,TX,239739,5351
20200807,TX,240873,5410
20200808,TX,241962,5468
20200809,TX,243010,5524
20200810,TX,244020,5579
20200811,TX,244991,5633
20200812,TX,245922,5685
20200813,TX,246808,5736
20200814,TX,247645,5786
20200815,TX,248442,5835
20200816,TX,249206,5882
20200817,TX,249943,5928
20200818,TX,250653,5973
20200819,TX,251335,6016
20200820,TX,251981,6058
20200821,TX,252585,6099
20200822,TX,253152,6139
20200823,TX,253693,6177
20200824,TX,254214,6214
20200825,TX,254717,6250
20200826,TX,255198,6285
20200827,TX,255652,6319
20200828,TX,256072,6351
20200829,TX,256471,6383
20200830,TX,256850,6413
20200704,UT,22689,192
20200705,UT,22896,196
20200706,UT,23096,199
20200707,UT,23288,203
20200708,UT,23471,206
20200709,UT,23647,210
20200710,UT,23816,213
20200711,UT,23979,217
20200712,UT,24136,220
20200713,UT,24287,223
20200714,UT,24430,227
20200715,UT,24566,230
20200716,UT,24696,233
20200717,UT,24821,236
20200718,UT,24940,239
20200719,UT,25054,241
20200720,UT,25163,244
20200721,UT,25266,247
20200722,UT,25363,249
20200723,UT,25455,252
20200724,UT,25543,254
20200725,UT,25627,257
20200726,UT,25707,259
20200727,UT,25783,261
20200728,UT,25854,264
20200729,UT,25921,266
20200730,UT,25984,268
20200731,UT,26044,270
20200801,UT,26101,272
20200802,UT,26155,274
20200803,UT,26206,275
20200804,UT,26254,277
20200805,UT,26298,279
20200806,UT,26340,280
20200807,UT,26379,282
20200808,UT,26416,283
20200809,UT,26452,285
20200810,UT,26485,286
20200811,UT,26517,288
20200812,UT,26545,289
20200813,UT,26571,290
20200814,UT,26596,291
20200815,UT,26620,292
20200816,UT,26642,293
20200817,UT,26664,294
20200818,UT,26684,295
20200819,UT,26702,296
20200820,UT,26718,297
20200821,UT,26733,298
20200822,UT,26747,299
20200823,UT,26761,300
20200824,UT,26774,301
20200825,UT,26787,301
20200826,UT,26798,302
20200827,UT,26808,303
20200828,UT,26817,303
20200829,UT,26826,304
20200830,UT,26834,304
20200704,VA,62645,1860
20200705,VA,62707,1875
20200706,VA,62762,1890
20200707,VA,62812,1903
20200708,VA,62856,1916
20200709,VA,62896,1929
20200710,VA,62931,1941
20200711,VA,62962,1952
20200712,VA,62990,1963
20200713,VA,63017,1973
20200714,VA,63040,1982
20200715,VA,63061,1991
20200716,VA,63079,2000
20200717,VA,63094,2008
20200718,VA,63108,2016
20200719,VA,63120,2023
20200720,VA,63131,2030
20200721,VA,63142,2036
20200722,VA,63152,2042
20200723,VA,63160,2048
20200724,VA,63167,2053
20200725,VA,63173,2059
20200726,VA,63177,2063
20200727,VA,63181,2068
20200728,VA,63185,2072
20200729,VA,63189,2076
20200730,VA,63194,2080
20200731,VA,63197,2083
20200801,VA,63200,2086
20200802,VA,63202,2090
20200803,VA,63204,2093
20200804,VA,63204,2095
20200805,VA,63205,2098
20200806,VA,63206,2100
20200807,VA,63208,2103
20200808,VA,63210,2105
20200809,VA,63212,2107
20200810,VA,63212,2108
20200811,VA,63213,2110
20200812,VA,63213,2112
20200813,VA,63213,2113
20200814,VA,63213,2115
20200815,VA,63214,2116
20200816,VA,63215,2117
20200817,VA,63215,2118
20200818,VA,63216,2120
20200819,VA,63216,2121
20200820,VA,63216,2122
20200821,VA,63215,2123
20200822,VA,63215,2123
20200823,VA,63216,2124
20200824,VA,63216,2125
20200825,VA,63217,2126
20200826,VA,63217,2126
20200827,VA,63217,2127
20200828,VA,63217,2127
20200829,VA,63216,2128
20200830,VA,63216,2128
20200704,VI,101,0
20200705,VI,104,0
20200706,VI,107,0
20200707,VI,110,0
20200708,VI,113,0
20200709,VI,117,0
20200710,VI,120,0
20200711,VI,124,0
20200712,VI,127,0
20200713,VI,131,0
20200714,VI,135,0
20200715,VI,139,0
20200716,VI,143,0
20200717,VI,147,0
20200718,VI,151,0
20200719,VI,156,0
20200720,VI,160,0
20200721,VI,165,0
20200722,VI,170,0
20200723,VI,175,0
20200724,VI,180,0
20200725,VI,185,0
20200726,VI,191,0
20200727,VI,196,0
20200728,VI,202,0
20200729,VI,208,0
20200730,VI,214,0
20200731,VI,220,0
20200801,VI,226,0
20200802,VI,233,0
20200803,VI,239,0
20200804,VI,246,0
20200805,VI,254,0
20200806,VI,261,0
20200807,VI,268,0
20200808,VI,276,0
20200809,VI,284,0
20200810,VI,292,0
20200811,VI,301,0
20200812,VI,309,0
20200813,VI,318,0
20200814,VI,327,0
20200815,VI,337,0
20200816,VI,346,0
20200817,VI,356,0
20200818,VI,367,0
20200819,VI,377,0
20200820,VI,388,0
20200821,VI,399,0
20200822,VI,410,0
20200823,VI,422,0
20200824,VI,434,0
20200825,VI,446,0
20200826,VI,459,0
20200827,VI,472,0
20200828,VI,486,0
20200829,VI,499,0
20200830,VI,514,0
20200704,VT,1210,57
20200705,VT,1210,58
20200706,VT,1211,58
20200707,VT,1211,58
20200708,VT,1211,58
20200709,VT,1211,58
20200710,VT,1211,59
20200711,VT,1211,59
20200712,VT,1211,59
20200713,VT,1211,59
20200714,VT,1211,59
20200715,VT,1212,59
20200716,VT,1212,59
20200717,VT,1212,59
20200718,VT,1212,59
20200719,VT,1212,60
20200720,VT,1212,60
20200721,VT,1212,60
20200722,VT,1212,60
20200723,VT,1212,60
20200724,VT,1212,60
20200725,VT,1212,60
20200726,VT,1212,60
20200727,VT,1212,60
20200728,VT,1212,60
20200729,VT,1212,60
20200730,VT,1212,60
20200731,VT,1212,60
20200801,VT,1212,60
20200802,VT,1212,60
20200803,VT,1212,60
20200804,VT,1212,60
20200805,VT,1212,60
20200806,VT,1212,60
20200807,VT,1212,60
20200808,VT,1212,60
20200809,VT,1212,60
20200810,VT,1212,60
20200811,VT,1212,61
20200812,VT,1212,61
20200813,VT,1212,61
20200814,VT,1212,61
20200815,VT,1212,61
20200816,VT,1212,61
20200817,VT,1212,61
20200818,VT,1212,61
20200819,VT,1212,61
20200820,VT,1212,61
20200821,VT,1212,61
20200822,VT,1212,61
20200823,VT,1212,61
20200824,VT,1212,61
20200825,VT,1212,61
20200826,VT,1212,61
20200827,VT,1212,61
20200828,VT,1212,61
20200829,VT,1212,61
20200830,VT,1212,61
20200704,WA,32770,1379
20200705,WA,32891,1390
20200706,WA,33010,1401
20200707,WA,33126,1412
20200708,WA,33239,1422
20200709,WA,33347,1432
20200710,WA,33448,1442
20200711,WA,33545,1452
20200712,WA,33639,1461
20200713,WA,33731,1470
20200714,WA,33821,1479
20200715,WA,33907,1488
20200716,WA,33988,1496
20200717,WA,34065,1504
20200718,WA,34138,1512
20200719,WA,34210,1520
20200720,WA,34279,1528
20200721,WA,34347,1535
20200722,WA,34412,1542
20200723,WA,34472,1549
20200724,WA,34528,1556
20200725,WA,34583,1562
20200726,WA,34635,1568
20200727,WA,34687,1575
20200728,WA,34738,1580
20200729,WA,34786,1586
20200730,WA,34830,1592
20200731,WA,34871,1597
20200801,WA,34909,1602
20200802,WA,34947,1607
20200803,WA,34985,1612
20200804,WA,35022,1617
20200805,WA,35058,1621
20200806,WA,35090,1626
20200807,WA,35118,1630
20200808,WA,35145,1634
20200809,WA,35172,1638
20200810,WA,35199,1642
20200811,WA,35226,1645
20200812,WA,35251,1649
20200813,WA,35274,1652
20200814,WA,35294,1655
20200815,WA,35312,1659
20200816,WA,35331,1662
20200817,WA,35350,1664
20200818,WA,35369,1667
20200819,WA,35387,1670
20200820,WA,35402,1672
20200821,WA,35415,1675
20200822,WA,35428,1677
20200823,WA,35441,1680
20200824,WA,35455,1682
20200825,WA,35468,1684
20200826,WA,35480,1686
20200827,WA,35491,1688
20200828,WA,35500,1690
20200829,WA,35509,1691
20200830,WA,35518,1693
20200704,WI,31614,829
20200705,WI,31664,837
20200706,WI,31709,844
20200707,WI,31751,850
20200708,WI,31790,857
20200709,WI,31825,863
20200710,WI,31855,869
20200711,WI,31883,874
20200712,WI,31909,880
20200713,WI,31932,885
20200714,WI,31954,889
20200715,WI,31975,894
20200716,WI,31994,898
20200717,WI,32010,902
20200718,WI,32024,906
20200719,WI,32036,910
20200720,WI,32047,913
20200721,WI,32058,917
20200722,WI,32068,920
20200723,WI,32077,923
20200724,WI,32086,925
20200725,WI,32094,928
20200726,WI,32099,931
20200727,WI,32104,933
20200728,WI,32109,935
20200729,WI,32114,937
20200730,WI,32118,939
20200731,WI,32122,941
20200801,WI,32126,943
20200802,WI,32129,944
20200803,WI,32131,946
20200804,WI,32133,947
20200805,WI,32135,949
20200806,WI,32137,950
20200807,WI,32139,951
20200808,WI,32141,952
20200809,WI,32142,953
20200810,WI,32143,954
20200811,WI,32143,955
20200812,WI,32144,956
20200813,WI,32145,957
20200814,WI,32146,958
20200815,WI,32147,959
20200816,WI,32148,959
20200817,WI,32148,960
20200818,WI,32149,961
20200819,WI,32149,961
20200820,WI,32149,962
20200821,WI,32149,962
20200822,WI,32149,963
20200823,WI,32149,963
20200824,WI,32150,963
20200825,WI,32151,964
20200826,WI,32152,964
20200827,WI,32151,964
20200828,WI,32151,965
20200829,WI,32151,965
20200830,WI,32151,965
20200704,WV,2920,98
20200705,WV,2925,99
20200706,WV,2929,100
20200707,WV,2932,101
20200708,WV,2935,102
20200709,WV,2938,103
20200710,WV,2941,104
20200711,WV,2943,104
20200712,WV,2945,105
20200713,WV,2948,106
20200714,WV,2949,106
20200715,WV,2951,107
20200716,WV,2952,107
20200717,WV,2953,108
20200718,WV,2954,108
20200719,WV,2955,109
20200720,WV,2956,109
20200721,WV,2957,110
20200722,WV,2958,110
20200723,WV,2958,110
20200724,WV,2959,111
20200725,WV,2959,111
20200726,WV,2959,111
20200727,WV,2960,112
20200728,WV,2960,112
20200729,WV,2961,112
20200730,WV,2961,112
20200731,WV,2961,113
20200801,WV,2961,113
20200802,WV,2962,113
20200803,WV,2962,113
20200804,WV,2962,113
20200805,WV,2962,114
20200806,WV,2962,114
20200807,WV,2962,114
20200808,WV,2962,114
20200809,WV,2962,114
20200810,WV,2962,114
20200811,WV,2962,114
20200812,WV,2963,114
20200813,WV,2963,115
20200814,WV,2963,115
20200815,WV,2963,115
20200816,WV,2963,115
20200817,WV,2963,115
20200818,WV,2963,115
20200819,WV,2963,115
20200820,WV,2963,115
20200821,WV,2963,115
20200822,WV,2963,115
20200823,WV,2963,115
20200824,WV,2963,115
20200825,WV,2963,115
20200826,WV,2963,115
20200827,WV,2963,115
20200828,WV,2963,115
20200829,WV,2963,115
20200830,WV,2963,115
20200704,WY,1503,22
20200705,WY,1511,22
20200706,WY,1520,22
20200707,WY,1527,23
20200708,WY,1535,23
20200709,WY,1542,23
20200710,WY,1549,23
20200711,WY,1556,24
20200712,WY,1562,24
20200713,WY,1568,24
20200714,WY,1573,24
20200715,WY,1579,25
20200716,WY,1584,25
20200717,WY,1589,25
20200718,WY,1593,25
20200719,WY,1598,25
20200720,WY,1602,26
20200721,WY,1606,26
20200722,WY,1609,26
20200723,WY,1613,26
20200724,WY,1616,26
20200725,WY,1619,27
20200726,WY,1622,27
20200727,WY,1625,27
20200728,WY,1627,27
20200729,WY,1630,27
20200730,WY,1632,27
20200731,WY,1634,27
20200801,WY,1636,28
20200802,WY,1638,28
20200803,WY,1640,28
20200804,WY,1641,28
20200805,WY,1643,28
20200806,WY,1645,28
20200807,WY,1646,28
20200808,WY,1647,28
20200809,WY,1648,28
20200810,WY,1649,28
20200811,WY,1650,29
20200812,WY,1651,29
20200813,WY,1652,29
20200814,WY,1653,29
20200815,WY,1654,29
20200816,WY,1655,29
20200817,WY,1656,29
20200818,WY,1656,29
20200819,WY,1657,29
20200820,WY,1657,29
20200821,WY,1658,29
20200822,WY,1658,29
20200823,WY,1659,29
20200824,WY,1659,29
20200825,WY,1659,29
20200826,WY,1660,29
20200827,WY,1660,29
20200828,WY,1661,29
20200829,WY,1661,30
20200830,WY,1661,30
